Country Name,Aruba,Africa Eastern and Southern,Afghanistan,Africa Western and Central,Angola,Albania,Andorra,Arab World,United Arab Emirates,Argentina,Armenia,American Samoa,Antigua and Barbuda,Australia,Austria,Azerbaijan,Burundi,Belgium,Benin,Burkina Faso,Bangladesh,Bulgaria,Bahrain,"Bahamas, The",Bosnia and Herzegovina,Belarus,Belize,Bermuda,Bolivia,Brazil,Barbados,Brunei Darussalam,Bhutan,Botswana,Central African Republic,Canada,Central Europe and the Baltics,Switzerland,Channel Islands,Chile,China,Cote d'Ivoire,Cameroon,"Congo, Dem. Rep.","Congo, Rep.",Colombia,Comoros,Cabo Verde,Costa Rica,Caribbean small states,Cuba,Curacao,Cayman Islands,Cyprus,Czech Republic,Germany,Djibouti,Dominica,Denmark,Dominican Republic,Algeria,East Asia & Pacific (excluding high income),Early-demographic dividend,East Asia & Pacific,Europe & Central Asia (excluding high income),Europe & Central Asia,Ecuador,"Egypt, Arab Rep.",Euro area,Eritrea,Spain,Estonia,Ethiopia,European Union,Fragile and conflict affected situations,Finland,Fiji,France,Faroe Islands,"Micronesia, Fed. Sts.",Gabon,United Kingdom,Georgia,Ghana,Gibraltar,Guinea,"Gambia, The",Guinea-Bissau,Equatorial Guinea,Greece,Grenada,Greenland,Guatemala,Guam,Guyana,High income,"Hong Kong SAR, China",Honduras,Heavily indebted poor countries (HIPC),Croatia,Haiti,Hungary,IBRD only,IDA & IBRD total,IDA total,IDA blend,Indonesia,IDA only,Isle of Man,India,Not classified,Ireland,"Iran, Islamic Rep.",Iraq,Iceland,Israel,Italy,Jamaica,Jordan,Japan,Kazakhstan,Kenya,Kyrgyz Republic,Cambodia,Kiribati,St. Kitts and Nevis,"Korea, Rep.",Kuwait,Latin America & Caribbean (excluding high income),Lao PDR,Lebanon,Liberia,Libya,St. Lucia,Latin America & Caribbean,Least developed countries: UN classification,Low income,Liechtenstein,Sri Lanka,Lower middle income,Low & middle income,Lesotho,Late-demographic dividend,Lithuania,Luxembourg,Latvia,"Macao SAR, China",St. Martin (French part),Morocco,Monaco,Moldova,Madagascar,Maldives,Middle East & North Africa,Mexico,Marshall Islands,Middle income,North Macedonia,Mali,Malta,Myanmar,Middle East & North Africa (excluding high income),Montenegro,Mongolia,Northern Mariana Islands,Mozambique,Mauritania,Mauritius,Malawi,Malaysia,North America,Namibia,New Caledonia,Niger,Nigeria,Nicaragua,Netherlands,Norway,Nepal,Nauru,New Zealand,OECD members,Oman,Other small states,Pakistan,Panama,Peru,Philippines,Palau,Papua New Guinea,Poland,Pre-demographic dividend,Puerto Rico,"Korea, Dem. People's Rep.",Portugal,Paraguay,West Bank and Gaza,Pacific island small states,Post-demographic dividend,French Polynesia,Qatar,Romania,Russian Federation,Rwanda,South Asia,Saudi Arabia,Sudan,Senegal,Singapore,Solomon Islands,Sierra Leone,El Salvador,San Marino,Somalia,Serbia,Sub-Saharan Africa (excluding high income),South Sudan,Sub-Saharan Africa,Small states,Sao Tome and Principe,Suriname,Slovak Republic,Slovenia,Sweden,Eswatini,Sint Maarten (Dutch part),Seychelles,Syrian Arab Republic,Turks and Caicos Islands,Chad,East Asia & Pacific (IDA & IBRD countries),Europe & Central Asia (IDA & IBRD countries),Togo,Thailand,Tajikistan,Turkmenistan,Latin America & the Caribbean (IDA & IBRD countries),Timor-Leste,Middle East & North Africa (IDA & IBRD countries),Tonga,South Asia (IDA & IBRD),Sub-Saharan Africa (IDA & IBRD countries),Trinidad and Tobago,Tunisia,Turkey,Tuvalu,Tanzania,Uganda,Ukraine,Upper middle income,Uruguay,United States,Uzbekistan,St. Vincent and the Grenadines,"Venezuela, RB",British Virgin Islands,Virgin Islands (U.S.),Vietnam,Vanuatu,World,Samoa,Kosovo,"Yemen, Rep.",South Africa,Zambia,Zimbabwe
Country Code,ABW,AFE,AFG,AFW,AGO,ALB,AND,ARB,ARE,ARG,ARM,ASM,ATG,AUS,AUT,AZE,BDI,BEL,BEN,BFA,BGD,BGR,BHR,BHS,BIH,BLR,BLZ,BMU,BOL,BRA,BRB,BRN,BTN,BWA,CAF,CAN,CEB,CHE,CHI,CHL,CHN,CIV,CMR,COD,COG,COL,COM,CPV,CRI,CSS,CUB,CUW,CYM,CYP,CZE,DEU,DJI,DMA,DNK,DOM,DZA,EAP,EAR,EAS,ECA,ECS,ECU,EGY,EMU,ERI,ESP,EST,ETH,EUU,FCS,FIN,FJI,FRA,FRO,FSM,GAB,GBR,GEO,GHA,GIB,GIN,GMB,GNB,GNQ,GRC,GRD,GRL,GTM,GUM,GUY,HIC,HKG,HND,HPC,HRV,HTI,HUN,IBD,IBT,IDA,IDB,IDN,IDX,IMN,IND,INX,IRL,IRN,IRQ,ISL,ISR,ITA,JAM,JOR,JPN,KAZ,KEN,KGZ,KHM,KIR,KNA,KOR,KWT,LAC,LAO,LBN,LBR,LBY,LCA,LCN,LDC,LIC,LIE,LKA,LMC,LMY,LSO,LTE,LTU,LUX,LVA,MAC,MAF,MAR,MCO,MDA,MDG,MDV,MEA,MEX,MHL,MIC,MKD,MLI,MLT,MMR,MNA,MNE,MNG,MNP,MOZ,MRT,MUS,MWI,MYS,NAC,NAM,NCL,NER,NGA,NIC,NLD,NOR,NPL,NRU,NZL,OED,OMN,OSS,PAK,PAN,PER,PHL,PLW,PNG,POL,PRE,PRI,PRK,PRT,PRY,PSE,PSS,PST,PYF,QAT,ROU,RUS,RWA,SAS,SAU,SDN,SEN,SGP,SLB,SLE,SLV,SMR,SOM,SRB,SSA,SSD,SSF,SST,STP,SUR,SVK,SVN,SWE,SWZ,SXM,SYC,SYR,TCA,TCD,TEA,TEC,TGO,THA,TJK,TKM,TLA,TLS,TMN,TON,TSA,TSS,TTO,TUN,TUR,TUV,TZA,UGA,UKR,UMC,URY,USA,UZB,VCT,VEN,VGB,VIR,VNM,VUT,WLD,WSM,XKX,YEM,ZAF,ZMB,ZWE
Indicator Name,Current health expenditure per capita (current US$),Current health expenditure per capita (current US$),Current health expenditure per capita (current US$),Current health expenditure per capita (current US$),Current health expenditure per capita (current US$),Current health expenditure per capita (current US$),Current health expenditure per capita (current US$),Current health expenditure per capita (current US$),Current health expenditure per capita (current US$),Current health expenditure per capita (current US$),Current health expenditure per capita (current US$),Current health expenditure per capita (current US$),Current health expenditure per capita (current US$),Current health expenditure per capita (current US$),Current health expenditure per capita (current US$),Current health expenditure per capita (current US$),Current health expenditure per capita (current US$),Current health expenditure per capita (current US$),Current health expenditure per capita (current US$),Current health expenditure per capita (current US$),Current health expenditure per capita (current US$),Current health expenditure per capita (current US$),Current health expenditure per capita (current US$),Current health expenditure per capita (current US$),Current health expenditure per capita (current US$),Current health expenditure per capita (current US$),Current health expenditure per capita (current US$),Current health expenditure per capita (current US$),Current health expenditure per capita (current US$),Current health expenditure per capita (current US$),Current health expenditure per capita (current US$),Current health expenditure per capita (current US$),Current health expenditure per capita (current US$),Current health expenditure per capita (current US$),Current health expenditure per capita (current US$),Current health expenditure per capita (current US$),Current health expenditure per capita (current US$),Current health expenditure per capita (current US$),Current health expenditure per capita (current US$),Current health expenditure per capita (current US$),Current health expenditure per capita (current US$),Current health expenditure per capita (current US$),Current health expenditure per capita (current US$),Current health expenditure per capita (current US$),Current health expenditure per capita (current US$),Current health expenditure per capita (current US$),Current health expenditure per capita (current US$),Current health expenditure per capita (current US$),Current health expenditure per capita (current US$),Current health expenditure per capita (current US$),Current health expenditure per capita (current US$),Current health expenditure per capita (current US$),Current health expenditure per capita (current US$),Current health expenditure per capita (current US$),Current health expenditure per capita (current US$),Current health expenditure per capita (current US$),Current health expenditure per capita (current US$),Current health expenditure per capita (current US$),Current health expenditure per capita (current US$),Current health expenditure per capita (current US$),Current health expenditure per capita (current US$),Current health expenditure per capita (current US$),Current health expenditure per capita (current US$),Current health expenditure per capita (current US$),Current health expenditure per capita (current US$),Current health expenditure per capita (current US$),Current health expenditure per capita (current US$),Current health expenditure per capita (current US$),Current health expenditure per capita (current US$),Current health expenditure per capita (current US$),Current health expenditure per capita (current US$),Current health expenditure per capita (current US$),Current health expenditure per capita (current US$),Current health expenditure per capita (current US$),Current health expenditure per capita (current US$),Current health expenditure per capita (current US$),Current health expenditure per capita (current US$),Current health expenditure per capita (current US$),Current health expenditure per capita (current US$),Current health expenditure per capita (current US$),Current health expenditure per capita (current US$),Current health expenditure per capita (current US$),Current health expenditure per capita (current US$),Current health expenditure per capita (current US$),Current health expenditure per capita (current US$),Current health expenditure per capita (current US$),Current health expenditure per capita (current US$),Current health expenditure per capita (current US$),Current health expenditure per capita (current US$),Current health expenditure per capita (current US$),Current health expenditure per capita (current US$),Current health expenditure per capita (current US$),Current health expenditure per capita (current US$),Current health expenditure per capita (current US$),Current health expenditure per capita (current US$),Current health expenditure per capita (current US$),Current health expenditure per capita (current US$),Current health expenditure per capita (current US$),Current health expenditure per capita (current US$),Current health expenditure per capita (current US$),Current health expenditure per capita (current US$),Current health expenditure per capita (current US$),Current health expenditure per capita (current US$),Current health expenditure per capita (current US$),Current health expenditure per capita (current US$),Current health expenditure per capita (current US$),Current health expenditure per capita (current US$),Current health expenditure per capita (current US$),Current health expenditure per capita (current US$),Current health expenditure per capita (current US$),Current health expenditure per capita (current US$),Current health expenditure per capita (current US$),Current health expenditure per capita (current US$),Current health expenditure per capita (current US$),Current health expenditure per capita (current US$),Current health expenditure per capita (current US$),Current health expenditure per capita (current US$),Current health expenditure per capita (current US$),Current health expenditure per capita (current US$),Current health expenditure per capita (current US$),Current health expenditure per capita (current US$),Current health expenditure per capita (current US$),Current health expenditure per capita (current US$),Current health expenditure per capita (current US$),Current health expenditure per capita (current US$),Current health expenditure per capita (current US$),Current health expenditure per capita (current US$),Current health expenditure per capita (current US$),Current health expenditure per capita (current US$),Current health expenditure per capita (current US$),Current health expenditure per capita (current US$),Current health expenditure per capita (current US$),Current health expenditure per capita (current US$),Current health expenditure per capita (current US$),Current health expenditure per capita (current US$),Current health expenditure per capita (current US$),Current health expenditure per capita (current US$),Current health expenditure per capita (current US$),Current health expenditure per capita (current US$),Current health expenditure per capita (current US$),Current health expenditure per capita (current US$),Current health expenditure per capita (current US$),Current health expenditure per capita (current US$),Current health expenditure per capita (current US$),Current health expenditure per capita (current US$),Current health expenditure per capita (current US$),Current health expenditure per capita (current US$),Current health expenditure per capita (current US$),Current health expenditure per capita (current US$),Current health expenditure per capita (current US$),Current health expenditure per capita (current US$),Current health expenditure per capita (current US$),Current health expenditure per capita (current US$),Current health expenditure per capita (current US$),Current health expenditure per capita (current US$),Current health expenditure per capita (current US$),Current health expenditure per capita (current US$),Current health expenditure per capita (current US$),Current health expenditure per capita (current US$),Current health expenditure per capita (current US$),Current health expenditure per capita (current US$),Current health expenditure per capita (current US$),Current health expenditure per capita (current US$),Current health expenditure per capita (current US$),Current health expenditure per capita (current US$),Current health expenditure per capita (current US$),Current health expenditure per capita (current US$),Current health expenditure per capita (current US$),Current health expenditure per capita (current US$),Current health expenditure per capita (current US$),Current health expenditure per capita (current US$),Current health expenditure per capita (current US$),Current health expenditure per capita (current US$),Current health expenditure per capita (current US$),Current health expenditure per capita (current US$),Current health expenditure per capita (current US$),Current health expenditure per capita (current US$),Current health expenditure per capita (current US$),Current health expenditure per capita (current US$),Current health expenditure per capita (current US$),Current health expenditure per capita (current US$),Current health expenditure per capita (current US$),Current health expenditure per capita (current US$),Current health expenditure per capita (current US$),Current health expenditure per capita (current US$),Current health expenditure per capita (current US$),Current health expenditure per capita (current US$),Current health expenditure per capita (current US$),Current health expenditure per capita (current US$),Current health expenditure per capita (current US$),Current health expenditure per capita (current US$),Current health expenditure per capita (current US$),Current health expenditure per capita (current US$),Current health expenditure per capita (current US$),Current health expenditure per capita (current US$),Current health expenditure per capita (current US$),Current health expenditure per capita (current US$),Current health expenditure per capita (current US$),Current health expenditure per capita (current US$),Current health expenditure per capita (current US$),Current health expenditure per capita (current US$),Current health expenditure per capita (current US$),Current health expenditure per capita (current US$),Current health expenditure per capita (current US$),Current health expenditure per capita (current US$),Current health expenditure per capita (current US$),Current health expenditure per capita (current US$),Current health expenditure per capita (current US$),Current health expenditure per capita (current US$),Current health expenditure per capita (current US$),Current health expenditure per capita (current US$),Current health expenditure per capita (current US$),Current health expenditure per capita (current US$),Current health expenditure per capita (current US$),Current health expenditure per capita (current US$),Current health expenditure per capita (current US$),Current health expenditure per capita (current US$),Current health expenditure per capita (current US$),Current health expenditure per capita (current US$),Current health expenditure per capita (current US$),Current health expenditure per capita (current US$),Current health expenditure per capita (current US$),Current health expenditure per capita (current US$),Current health expenditure per capita (current US$),Current health expenditure per capita (current US$),Current health expenditure per capita (current US$),Current health expenditure per capita (current US$),Current health expenditure per capita (current US$),Current health expenditure per capita (current US$),Current health expenditure per capita (current US$),Current health expenditure per capita (current US$),Current health expenditure per capita (current US$),Current health expenditure per capita (current US$),Current health expenditure per capita (current US$),Current health expenditure per capita (current US$),Current health expenditure per capita (current US$),Current health expenditure per capita (current US$),Current health expenditure per capita (current US$),Current health expenditure per capita (current US$),Current health expenditure per capita (current US$),Current health expenditure per capita (current US$),Current health expenditure per capita (current US$),Current health expenditure per capita (current US$),Current health expenditure per capita (current US$),Current health expenditure per capita (current US$),Current health expenditure per capita (current US$),Current health expenditure per capita (current US$),Current health expenditure per capita (current US$),Current health expenditure per capita (current US$),Current health expenditure per capita (current US$),Current health expenditure per capita (current US$),Current health expenditure per capita (current US$),Current health expenditure per capita (current US$),Current health expenditure per capita (current US$),Current health expenditure per capita (current US$),Current health expenditure per capita (current US$),Current health expenditure per capita (current US$),Current health expenditure per capita (current US$),Current health expenditure per capita (current US$),Current health expenditure per capita (current US$),Current health expenditure per capita (current US$),Current health expenditure per capita (current US$),Current health expenditure per capita (current US$),Current health expenditure per capita (current US$),Current health expenditure per capita (current US$),Current health expenditure per capita (current US$)
Indicator Code,SH.XPD.CHEX.PC.CD,SH.XPD.CHEX.PC.CD,SH.XPD.CHEX.PC.CD,SH.XPD.CHEX.PC.CD,SH.XPD.CHEX.PC.CD,SH.XPD.CHEX.PC.CD,SH.XPD.CHEX.PC.CD,SH.XPD.CHEX.PC.CD,SH.XPD.CHEX.PC.CD,SH.XPD.CHEX.PC.CD,SH.XPD.CHEX.PC.CD,SH.XPD.CHEX.PC.CD,SH.XPD.CHEX.PC.CD,SH.XPD.CHEX.PC.CD,SH.XPD.CHEX.PC.CD,SH.XPD.CHEX.PC.CD,SH.XPD.CHEX.PC.CD,SH.XPD.CHEX.PC.CD,SH.XPD.CHEX.PC.CD,SH.XPD.CHEX.PC.CD,SH.XPD.CHEX.PC.CD,SH.XPD.CHEX.PC.CD,SH.XPD.CHEX.PC.CD,SH.XPD.CHEX.PC.CD,SH.XPD.CHEX.PC.CD,SH.XPD.CHEX.PC.CD,SH.XPD.CHEX.PC.CD,SH.XPD.CHEX.PC.CD,SH.XPD.CHEX.PC.CD,SH.XPD.CHEX.PC.CD,SH.XPD.CHEX.PC.CD,SH.XPD.CHEX.PC.CD,SH.XPD.CHEX.PC.CD,SH.XPD.CHEX.PC.CD,SH.XPD.CHEX.PC.CD,SH.XPD.CHEX.PC.CD,SH.XPD.CHEX.PC.CD,SH.XPD.CHEX.PC.CD,SH.XPD.CHEX.PC.CD,SH.XPD.CHEX.PC.CD,SH.XPD.CHEX.PC.CD,SH.XPD.CHEX.PC.CD,SH.XPD.CHEX.PC.CD,SH.XPD.CHEX.PC.CD,SH.XPD.CHEX.PC.CD,SH.XPD.CHEX.PC.CD,SH.XPD.CHEX.PC.CD,SH.XPD.CHEX.PC.CD,SH.XPD.CHEX.PC.CD,SH.XPD.CHEX.PC.CD,SH.XPD.CHEX.PC.CD,SH.XPD.CHEX.PC.CD,SH.XPD.CHEX.PC.CD,SH.XPD.CHEX.PC.CD,SH.XPD.CHEX.PC.CD,SH.XPD.CHEX.PC.CD,SH.XPD.CHEX.PC.CD,SH.XPD.CHEX.PC.CD,SH.XPD.CHEX.PC.CD,SH.XPD.CHEX.PC.CD,SH.XPD.CHEX.PC.CD,SH.XPD.CHEX.PC.CD,SH.XPD.CHEX.PC.CD,SH.XPD.CHEX.PC.CD,SH.XPD.CHEX.PC.CD,SH.XPD.CHEX.PC.CD,SH.XPD.CHEX.PC.CD,SH.XPD.CHEX.PC.CD,SH.XPD.CHEX.PC.CD,SH.XPD.CHEX.PC.CD,SH.XPD.CHEX.PC.CD,SH.XPD.CHEX.PC.CD,SH.XPD.CHEX.PC.CD,SH.XPD.CHEX.PC.CD,SH.XPD.CHEX.PC.CD,SH.XPD.CHEX.PC.CD,SH.XPD.CHEX.PC.CD,SH.XPD.CHEX.PC.CD,SH.XPD.CHEX.PC.CD,SH.XPD.CHEX.PC.CD,SH.XPD.CHEX.PC.CD,SH.XPD.CHEX.PC.CD,SH.XPD.CHEX.PC.CD,SH.XPD.CHEX.PC.CD,SH.XPD.CHEX.PC.CD,SH.XPD.CHEX.PC.CD,SH.XPD.CHEX.PC.CD,SH.XPD.CHEX.PC.CD,SH.XPD.CHEX.PC.CD,SH.XPD.CHEX.PC.CD,SH.XPD.CHEX.PC.CD,SH.XPD.CHEX.PC.CD,SH.XPD.CHEX.PC.CD,SH.XPD.CHEX.PC.CD,SH.XPD.CHEX.PC.CD,SH.XPD.CHEX.PC.CD,SH.XPD.CHEX.PC.CD,SH.XPD.CHEX.PC.CD,SH.XPD.CHEX.PC.CD,SH.XPD.CHEX.PC.CD,SH.XPD.CHEX.PC.CD,SH.XPD.CHEX.PC.CD,SH.XPD.CHEX.PC.CD,SH.XPD.CHEX.PC.CD,SH.XPD.CHEX.PC.CD,SH.XPD.CHEX.PC.CD,SH.XPD.CHEX.PC.CD,SH.XPD.CHEX.PC.CD,SH.XPD.CHEX.PC.CD,SH.XPD.CHEX.PC.CD,SH.XPD.CHEX.PC.CD,SH.XPD.CHEX.PC.CD,SH.XPD.CHEX.PC.CD,SH.XPD.CHEX.PC.CD,SH.XPD.CHEX.PC.CD,SH.XPD.CHEX.PC.CD,SH.XPD.CHEX.PC.CD,SH.XPD.CHEX.PC.CD,SH.XPD.CHEX.PC.CD,SH.XPD.CHEX.PC.CD,SH.XPD.CHEX.PC.CD,SH.XPD.CHEX.PC.CD,SH.XPD.CHEX.PC.CD,SH.XPD.CHEX.PC.CD,SH.XPD.CHEX.PC.CD,SH.XPD.CHEX.PC.CD,SH.XPD.CHEX.PC.CD,SH.XPD.CHEX.PC.CD,SH.XPD.CHEX.PC.CD,SH.XPD.CHEX.PC.CD,SH.XPD.CHEX.PC.CD,SH.XPD.CHEX.PC.CD,SH.XPD.CHEX.PC.CD,SH.XPD.CHEX.PC.CD,SH.XPD.CHEX.PC.CD,SH.XPD.CHEX.PC.CD,SH.XPD.CHEX.PC.CD,SH.XPD.CHEX.PC.CD,SH.XPD.CHEX.PC.CD,SH.XPD.CHEX.PC.CD,SH.XPD.CHEX.PC.CD,SH.XPD.CHEX.PC.CD,SH.XPD.CHEX.PC.CD,SH.XPD.CHEX.PC.CD,SH.XPD.CHEX.PC.CD,SH.XPD.CHEX.PC.CD,SH.XPD.CHEX.PC.CD,SH.XPD.CHEX.PC.CD,SH.XPD.CHEX.PC.CD,SH.XPD.CHEX.PC.CD,SH.XPD.CHEX.PC.CD,SH.XPD.CHEX.PC.CD,SH.XPD.CHEX.PC.CD,SH.XPD.CHEX.PC.CD,SH.XPD.CHEX.PC.CD,SH.XPD.CHEX.PC.CD,SH.XPD.CHEX.PC.CD,SH.XPD.CHEX.PC.CD,SH.XPD.CHEX.PC.CD,SH.XPD.CHEX.PC.CD,SH.XPD.CHEX.PC.CD,SH.XPD.CHEX.PC.CD,SH.XPD.CHEX.PC.CD,SH.XPD.CHEX.PC.CD,SH.XPD.CHEX.PC.CD,SH.XPD.CHEX.PC.CD,SH.XPD.CHEX.PC.CD,SH.XPD.CHEX.PC.CD,SH.XPD.CHEX.PC.CD,SH.XPD.CHEX.PC.CD,SH.XPD.CHEX.PC.CD,SH.XPD.CHEX.PC.CD,SH.XPD.CHEX.PC.CD,SH.XPD.CHEX.PC.CD,SH.XPD.CHEX.PC.CD,SH.XPD.CHEX.PC.CD,SH.XPD.CHEX.PC.CD,SH.XPD.CHEX.PC.CD,SH.XPD.CHEX.PC.CD,SH.XPD.CHEX.PC.CD,SH.XPD.CHEX.PC.CD,SH.XPD.CHEX.PC.CD,SH.XPD.CHEX.PC.CD,SH.XPD.CHEX.PC.CD,SH.XPD.CHEX.PC.CD,SH.XPD.CHEX.PC.CD,SH.XPD.CHEX.PC.CD,SH.XPD.CHEX.PC.CD,SH.XPD.CHEX.PC.CD,SH.XPD.CHEX.PC.CD,SH.XPD.CHEX.PC.CD,SH.XPD.CHEX.PC.CD,SH.XPD.CHEX.PC.CD,SH.XPD.CHEX.PC.CD,SH.XPD.CHEX.PC.CD,SH.XPD.CHEX.PC.CD,SH.XPD.CHEX.PC.CD,SH.XPD.CHEX.PC.CD,SH.XPD.CHEX.PC.CD,SH.XPD.CHEX.PC.CD,SH.XPD.CHEX.PC.CD,SH.XPD.CHEX.PC.CD,SH.XPD.CHEX.PC.CD,SH.XPD.CHEX.PC.CD,SH.XPD.CHEX.PC.CD,SH.XPD.CHEX.PC.CD,SH.XPD.CHEX.PC.CD,SH.XPD.CHEX.PC.CD,SH.XPD.CHEX.PC.CD,SH.XPD.CHEX.PC.CD,SH.XPD.CHEX.PC.CD,SH.XPD.CHEX.PC.CD,SH.XPD.CHEX.PC.CD,SH.XPD.CHEX.PC.CD,SH.XPD.CHEX.PC.CD,SH.XPD.CHEX.PC.CD,SH.XPD.CHEX.PC.CD,SH.XPD.CHEX.PC.CD,SH.XPD.CHEX.PC.CD,SH.XPD.CHEX.PC.CD,SH.XPD.CHEX.PC.CD,SH.XPD.CHEX.PC.CD,SH.XPD.CHEX.PC.CD,SH.XPD.CHEX.PC.CD,SH.XPD.CHEX.PC.CD,SH.XPD.CHEX.PC.CD,SH.XPD.CHEX.PC.CD,SH.XPD.CHEX.PC.CD,SH.XPD.CHEX.PC.CD,SH.XPD.CHEX.PC.CD,SH.XPD.CHEX.PC.CD,SH.XPD.CHEX.PC.CD,SH.XPD.CHEX.PC.CD,SH.XPD.CHEX.PC.CD,SH.XPD.CHEX.PC.CD,SH.XPD.CHEX.PC.CD,SH.XPD.CHEX.PC.CD,SH.XPD.CHEX.PC.CD,SH.XPD.CHEX.PC.CD,SH.XPD.CHEX.PC.CD,SH.XPD.CHEX.PC.CD,SH.XPD.CHEX.PC.CD,SH.XPD.CHEX.PC.CD,SH.XPD.CHEX.PC.CD,SH.XPD.CHEX.PC.CD,SH.XPD.CHEX.PC.CD,SH.XPD.CHEX.PC.CD,SH.XPD.CHEX.PC.CD,SH.XPD.CHEX.PC.CD,SH.XPD.CHEX.PC.CD,SH.XPD.CHEX.PC.CD,SH.XPD.CHEX.PC.CD,SH.XPD.CHEX.PC.CD,SH.XPD.CHEX.PC.CD,SH.XPD.CHEX.PC.CD,SH.XPD.CHEX.PC.CD,SH.XPD.CHEX.PC.CD,SH.XPD.CHEX.PC.CD,SH.XPD.CHEX.PC.CD,SH.XPD.CHEX.PC.CD,SH.XPD.CHEX.PC.CD,SH.XPD.CHEX.PC.CD,SH.XPD.CHEX.PC.CD,SH.XPD.CHEX.PC.CD,SH.XPD.CHEX.PC.CD,SH.XPD.CHEX.PC.CD
1960,,,,,,,,,,,,,,,,,,,,,,,,,,,,,,,,,,,,,,,,,,,,,,,,,,,,,,,,,,,,,,,,,,,,,,,,,,,,,,,,,,,,,,,,,,,,,,,,,,,,,,,,,,,,,,,,,,,,,,,,,,,,,,,,,,,,,,,,,,,,,,,,,,,,,,,,,,,,,,,,,,,,,,,,,,,,,,,,,,,,,,,,,,,,,,,,,,,,,,,,,,,,,,,,,,,,,,,,,,,,,,,,,,,,,,,,,,,,,,,,,,,,,,,,,,,,,,,,,,,,,,,,,,
1961,,,,,,,,,,,,,,,,,,,,,,,,,,,,,,,,,,,,,,,,,,,,,,,,,,,,,,,,,,,,,,,,,,,,,,,,,,,,,,,,,,,,,,,,,,,,,,,,,,,,,,,,,,,,,,,,,,,,,,,,,,,,,,,,,,,,,,,,,,,,,,,,,,,,,,,,,,,,,,,,,,,,,,,,,,,,,,,,,,,,,,,,,,,,,,,,,,,,,,,,,,,,,,,,,,,,,,,,,,,,,,,,,,,,,,,,,,,,,,,,,,,,,,,,,,,,,,,,,,,,,,,,,,
1962,,,,,,,,,,,,,,,,,,,,,,,,,,,,,,,,,,,,,,,,,,,,,,,,,,,,,,,,,,,,,,,,,,,,,,,,,,,,,,,,,,,,,,,,,,,,,,,,,,,,,,,,,,,,,,,,,,,,,,,,,,,,,,,,,,,,,,,,,,,,,,,,,,,,,,,,,,,,,,,,,,,,,,,,,,,,,,,,,,,,,,,,,,,,,,,,,,,,,,,,,,,,,,,,,,,,,,,,,,,,,,,,,,,,,,,,,,,,,,,,,,,,,,,,,,,,,,,,,,,,,,,,,,
1963,,,,,,,,,,,,,,,,,,,,,,,,,,,,,,,,,,,,,,,,,,,,,,,,,,,,,,,,,,,,,,,,,,,,,,,,,,,,,,,,,,,,,,,,,,,,,,,,,,,,,,,,,,,,,,,,,,,,,,,,,,,,,,,,,,,,,,,,,,,,,,,,,,,,,,,,,,,,,,,,,,,,,,,,,,,,,,,,,,,,,,,,,,,,,,,,,,,,,,,,,,,,,,,,,,,,,,,,,,,,,,,,,,,,,,,,,,,,,,,,,,,,,,,,,,,,,,,,,,,,,,,,,,
1964,,,,,,,,,,,,,,,,,,,,,,,,,,,,,,,,,,,,,,,,,,,,,,,,,,,,,,,,,,,,,,,,,,,,,,,,,,,,,,,,,,,,,,,,,,,,,,,,,,,,,,,,,,,,,,,,,,,,,,,,,,,,,,,,,,,,,,,,,,,,,,,,,,,,,,,,,,,,,,,,,,,,,,,,,,,,,,,,,,,,,,,,,,,,,,,,,,,,,,,,,,,,,,,,,,,,,,,,,,,,,,,,,,,,,,,,,,,,,,,,,,,,,,,,,,,,,,,,,,,,,,,,,,
1965,,,,,,,,,,,,,,,,,,,,,,,,,,,,,,,,,,,,,,,,,,,,,,,,,,,,,,,,,,,,,,,,,,,,,,,,,,,,,,,,,,,,,,,,,,,,,,,,,,,,,,,,,,,,,,,,,,,,,,,,,,,,,,,,,,,,,,,,,,,,,,,,,,,,,,,,,,,,,,,,,,,,,,,,,,,,,,,,,,,,,,,,,,,,,,,,,,,,,,,,,,,,,,,,,,,,,,,,,,,,,,,,,,,,,,,,,,,,,,,,,,,,,,,,,,,,,,,,,,,,,,,,,,
1966,,,,,,,,,,,,,,,,,,,,,,,,,,,,,,,,,,,,,,,,,,,,,,,,,,,,,,,,,,,,,,,,,,,,,,,,,,,,,,,,,,,,,,,,,,,,,,,,,,,,,,,,,,,,,,,,,,,,,,,,,,,,,,,,,,,,,,,,,,,,,,,,,,,,,,,,,,,,,,,,,,,,,,,,,,,,,,,,,,,,,,,,,,,,,,,,,,,,,,,,,,,,,,,,,,,,,,,,,,,,,,,,,,,,,,,,,,,,,,,,,,,,,,,,,,,,,,,,,,,,,,,,,,
1967,,,,,,,,,,,,,,,,,,,,,,,,,,,,,,,,,,,,,,,,,,,,,,,,,,,,,,,,,,,,,,,,,,,,,,,,,,,,,,,,,,,,,,,,,,,,,,,,,,,,,,,,,,,,,,,,,,,,,,,,,,,,,,,,,,,,,,,,,,,,,,,,,,,,,,,,,,,,,,,,,,,,,,,,,,,,,,,,,,,,,,,,,,,,,,,,,,,,,,,,,,,,,,,,,,,,,,,,,,,,,,,,,,,,,,,,,,,,,,,,,,,,,,,,,,,,,,,,,,,,,,,,,,
1968,,,,,,,,,,,,,,,,,,,,,,,,,,,,,,,,,,,,,,,,,,,,,,,,,,,,,,,,,,,,,,,,,,,,,,,,,,,,,,,,,,,,,,,,,,,,,,,,,,,,,,,,,,,,,,,,,,,,,,,,,,,,,,,,,,,,,,,,,,,,,,,,,,,,,,,,,,,,,,,,,,,,,,,,,,,,,,,,,,,,,,,,,,,,,,,,,,,,,,,,,,,,,,,,,,,,,,,,,,,,,,,,,,,,,,,,,,,,,,,,,,,,,,,,,,,,,,,,,,,,,,,,,,
1969,,,,,,,,,,,,,,,,,,,,,,,,,,,,,,,,,,,,,,,,,,,,,,,,,,,,,,,,,,,,,,,,,,,,,,,,,,,,,,,,,,,,,,,,,,,,,,,,,,,,,,,,,,,,,,,,,,,,,,,,,,,,,,,,,,,,,,,,,,,,,,,,,,,,,,,,,,,,,,,,,,,,,,,,,,,,,,,,,,,,,,,,,,,,,,,,,,,,,,,,,,,,,,,,,,,,,,,,,,,,,,,,,,,,,,,,,,,,,,,,,,,,,,,,,,,,,,,,,,,,,,,,,,
1970,,,,,,,,,,,,,,,,,,,,,,,,,,,,,,,,,,,,,,,,,,,,,,,,,,,,,,,,,,,,,,,,,,,,,,,,,,,,,,,,,,,,,,,,,,,,,,,,,,,,,,,,,,,,,,,,,,,,,,,,,,,,,,,,,,,,,,,,,,,,,,,,,,,,,,,,,,,,,,,,,,,,,,,,,,,,,,,,,,,,,,,,,,,,,,,,,,,,,,,,,,,,,,,,,,,,,,,,,,,,,,,,,,,,,,,,,,,,,,,,,,,,,,,,,,,,,,,,,,,,,,,,,,
1971,,,,,,,,,,,,,,,,,,,,,,,,,,,,,,,,,,,,,,,,,,,,,,,,,,,,,,,,,,,,,,,,,,,,,,,,,,,,,,,,,,,,,,,,,,,,,,,,,,,,,,,,,,,,,,,,,,,,,,,,,,,,,,,,,,,,,,,,,,,,,,,,,,,,,,,,,,,,,,,,,,,,,,,,,,,,,,,,,,,,,,,,,,,,,,,,,,,,,,,,,,,,,,,,,,,,,,,,,,,,,,,,,,,,,,,,,,,,,,,,,,,,,,,,,,,,,,,,,,,,,,,,,,
1972,,,,,,,,,,,,,,,,,,,,,,,,,,,,,,,,,,,,,,,,,,,,,,,,,,,,,,,,,,,,,,,,,,,,,,,,,,,,,,,,,,,,,,,,,,,,,,,,,,,,,,,,,,,,,,,,,,,,,,,,,,,,,,,,,,,,,,,,,,,,,,,,,,,,,,,,,,,,,,,,,,,,,,,,,,,,,,,,,,,,,,,,,,,,,,,,,,,,,,,,,,,,,,,,,,,,,,,,,,,,,,,,,,,,,,,,,,,,,,,,,,,,,,,,,,,,,,,,,,,,,,,,,,
1973,,,,,,,,,,,,,,,,,,,,,,,,,,,,,,,,,,,,,,,,,,,,,,,,,,,,,,,,,,,,,,,,,,,,,,,,,,,,,,,,,,,,,,,,,,,,,,,,,,,,,,,,,,,,,,,,,,,,,,,,,,,,,,,,,,,,,,,,,,,,,,,,,,,,,,,,,,,,,,,,,,,,,,,,,,,,,,,,,,,,,,,,,,,,,,,,,,,,,,,,,,,,,,,,,,,,,,,,,,,,,,,,,,,,,,,,,,,,,,,,,,,,,,,,,,,,,,,,,,,,,,,,,,
1974,,,,,,,,,,,,,,,,,,,,,,,,,,,,,,,,,,,,,,,,,,,,,,,,,,,,,,,,,,,,,,,,,,,,,,,,,,,,,,,,,,,,,,,,,,,,,,,,,,,,,,,,,,,,,,,,,,,,,,,,,,,,,,,,,,,,,,,,,,,,,,,,,,,,,,,,,,,,,,,,,,,,,,,,,,,,,,,,,,,,,,,,,,,,,,,,,,,,,,,,,,,,,,,,,,,,,,,,,,,,,,,,,,,,,,,,,,,,,,,,,,,,,,,,,,,,,,,,,,,,,,,,,,
1975,,,,,,,,,,,,,,,,,,,,,,,,,,,,,,,,,,,,,,,,,,,,,,,,,,,,,,,,,,,,,,,,,,,,,,,,,,,,,,,,,,,,,,,,,,,,,,,,,,,,,,,,,,,,,,,,,,,,,,,,,,,,,,,,,,,,,,,,,,,,,,,,,,,,,,,,,,,,,,,,,,,,,,,,,,,,,,,,,,,,,,,,,,,,,,,,,,,,,,,,,,,,,,,,,,,,,,,,,,,,,,,,,,,,,,,,,,,,,,,,,,,,,,,,,,,,,,,,,,,,,,,,,,
1976,,,,,,,,,,,,,,,,,,,,,,,,,,,,,,,,,,,,,,,,,,,,,,,,,,,,,,,,,,,,,,,,,,,,,,,,,,,,,,,,,,,,,,,,,,,,,,,,,,,,,,,,,,,,,,,,,,,,,,,,,,,,,,,,,,,,,,,,,,,,,,,,,,,,,,,,,,,,,,,,,,,,,,,,,,,,,,,,,,,,,,,,,,,,,,,,,,,,,,,,,,,,,,,,,,,,,,,,,,,,,,,,,,,,,,,,,,,,,,,,,,,,,,,,,,,,,,,,,,,,,,,,,,
1977,,,,,,,,,,,,,,,,,,,,,,,,,,,,,,,,,,,,,,,,,,,,,,,,,,,,,,,,,,,,,,,,,,,,,,,,,,,,,,,,,,,,,,,,,,,,,,,,,,,,,,,,,,,,,,,,,,,,,,,,,,,,,,,,,,,,,,,,,,,,,,,,,,,,,,,,,,,,,,,,,,,,,,,,,,,,,,,,,,,,,,,,,,,,,,,,,,,,,,,,,,,,,,,,,,,,,,,,,,,,,,,,,,,,,,,,,,,,,,,,,,,,,,,,,,,,,,,,,,,,,,,,,,
1978,,,,,,,,,,,,,,,,,,,,,,,,,,,,,,,,,,,,,,,,,,,,,,,,,,,,,,,,,,,,,,,,,,,,,,,,,,,,,,,,,,,,,,,,,,,,,,,,,,,,,,,,,,,,,,,,,,,,,,,,,,,,,,,,,,,,,,,,,,,,,,,,,,,,,,,,,,,,,,,,,,,,,,,,,,,,,,,,,,,,,,,,,,,,,,,,,,,,,,,,,,,,,,,,,,,,,,,,,,,,,,,,,,,,,,,,,,,,,,,,,,,,,,,,,,,,,,,,,,,,,,,,,,
1979,,,,,,,,,,,,,,,,,,,,,,,,,,,,,,,,,,,,,,,,,,,,,,,,,,,,,,,,,,,,,,,,,,,,,,,,,,,,,,,,,,,,,,,,,,,,,,,,,,,,,,,,,,,,,,,,,,,,,,,,,,,,,,,,,,,,,,,,,,,,,,,,,,,,,,,,,,,,,,,,,,,,,,,,,,,,,,,,,,,,,,,,,,,,,,,,,,,,,,,,,,,,,,,,,,,,,,,,,,,,,,,,,,,,,,,,,,,,,,,,,,,,,,,,,,,,,,,,,,,,,,,,,,
1980,,,,,,,,,,,,,,,,,,,,,,,,,,,,,,,,,,,,,,,,,,,,,,,,,,,,,,,,,,,,,,,,,,,,,,,,,,,,,,,,,,,,,,,,,,,,,,,,,,,,,,,,,,,,,,,,,,,,,,,,,,,,,,,,,,,,,,,,,,,,,,,,,,,,,,,,,,,,,,,,,,,,,,,,,,,,,,,,,,,,,,,,,,,,,,,,,,,,,,,,,,,,,,,,,,,,,,,,,,,,,,,,,,,,,,,,,,,,,,,,,,,,,,,,,,,,,,,,,,,,,,,,,,
1981,,,,,,,,,,,,,,,,,,,,,,,,,,,,,,,,,,,,,,,,,,,,,,,,,,,,,,,,,,,,,,,,,,,,,,,,,,,,,,,,,,,,,,,,,,,,,,,,,,,,,,,,,,,,,,,,,,,,,,,,,,,,,,,,,,,,,,,,,,,,,,,,,,,,,,,,,,,,,,,,,,,,,,,,,,,,,,,,,,,,,,,,,,,,,,,,,,,,,,,,,,,,,,,,,,,,,,,,,,,,,,,,,,,,,,,,,,,,,,,,,,,,,,,,,,,,,,,,,,,,,,,,,,
1982,,,,,,,,,,,,,,,,,,,,,,,,,,,,,,,,,,,,,,,,,,,,,,,,,,,,,,,,,,,,,,,,,,,,,,,,,,,,,,,,,,,,,,,,,,,,,,,,,,,,,,,,,,,,,,,,,,,,,,,,,,,,,,,,,,,,,,,,,,,,,,,,,,,,,,,,,,,,,,,,,,,,,,,,,,,,,,,,,,,,,,,,,,,,,,,,,,,,,,,,,,,,,,,,,,,,,,,,,,,,,,,,,,,,,,,,,,,,,,,,,,,,,,,,,,,,,,,,,,,,,,,,,,
1983,,,,,,,,,,,,,,,,,,,,,,,,,,,,,,,,,,,,,,,,,,,,,,,,,,,,,,,,,,,,,,,,,,,,,,,,,,,,,,,,,,,,,,,,,,,,,,,,,,,,,,,,,,,,,,,,,,,,,,,,,,,,,,,,,,,,,,,,,,,,,,,,,,,,,,,,,,,,,,,,,,,,,,,,,,,,,,,,,,,,,,,,,,,,,,,,,,,,,,,,,,,,,,,,,,,,,,,,,,,,,,,,,,,,,,,,,,,,,,,,,,,,,,,,,,,,,,,,,,,,,,,,,,
1984,,,,,,,,,,,,,,,,,,,,,,,,,,,,,,,,,,,,,,,,,,,,,,,,,,,,,,,,,,,,,,,,,,,,,,,,,,,,,,,,,,,,,,,,,,,,,,,,,,,,,,,,,,,,,,,,,,,,,,,,,,,,,,,,,,,,,,,,,,,,,,,,,,,,,,,,,,,,,,,,,,,,,,,,,,,,,,,,,,,,,,,,,,,,,,,,,,,,,,,,,,,,,,,,,,,,,,,,,,,,,,,,,,,,,,,,,,,,,,,,,,,,,,,,,,,,,,,,,,,,,,,,,,
1985,,,,,,,,,,,,,,,,,,,,,,,,,,,,,,,,,,,,,,,,,,,,,,,,,,,,,,,,,,,,,,,,,,,,,,,,,,,,,,,,,,,,,,,,,,,,,,,,,,,,,,,,,,,,,,,,,,,,,,,,,,,,,,,,,,,,,,,,,,,,,,,,,,,,,,,,,,,,,,,,,,,,,,,,,,,,,,,,,,,,,,,,,,,,,,,,,,,,,,,,,,,,,,,,,,,,,,,,,,,,,,,,,,,,,,,,,,,,,,,,,,,,,,,,,,,,,,,,,,,,,,,,,,
1986,,,,,,,,,,,,,,,,,,,,,,,,,,,,,,,,,,,,,,,,,,,,,,,,,,,,,,,,,,,,,,,,,,,,,,,,,,,,,,,,,,,,,,,,,,,,,,,,,,,,,,,,,,,,,,,,,,,,,,,,,,,,,,,,,,,,,,,,,,,,,,,,,,,,,,,,,,,,,,,,,,,,,,,,,,,,,,,,,,,,,,,,,,,,,,,,,,,,,,,,,,,,,,,,,,,,,,,,,,,,,,,,,,,,,,,,,,,,,,,,,,,,,,,,,,,,,,,,,,,,,,,,,,
1987,,,,,,,,,,,,,,,,,,,,,,,,,,,,,,,,,,,,,,,,,,,,,,,,,,,,,,,,,,,,,,,,,,,,,,,,,,,,,,,,,,,,,,,,,,,,,,,,,,,,,,,,,,,,,,,,,,,,,,,,,,,,,,,,,,,,,,,,,,,,,,,,,,,,,,,,,,,,,,,,,,,,,,,,,,,,,,,,,,,,,,,,,,,,,,,,,,,,,,,,,,,,,,,,,,,,,,,,,,,,,,,,,,,,,,,,,,,,,,,,,,,,,,,,,,,,,,,,,,,,,,,,,,
1988,,,,,,,,,,,,,,,,,,,,,,,,,,,,,,,,,,,,,,,,,,,,,,,,,,,,,,,,,,,,,,,,,,,,,,,,,,,,,,,,,,,,,,,,,,,,,,,,,,,,,,,,,,,,,,,,,,,,,,,,,,,,,,,,,,,,,,,,,,,,,,,,,,,,,,,,,,,,,,,,,,,,,,,,,,,,,,,,,,,,,,,,,,,,,,,,,,,,,,,,,,,,,,,,,,,,,,,,,,,,,,,,,,,,,,,,,,,,,,,,,,,,,,,,,,,,,,,,,,,,,,,,,,
1989,,,,,,,,,,,,,,,,,,,,,,,,,,,,,,,,,,,,,,,,,,,,,,,,,,,,,,,,,,,,,,,,,,,,,,,,,,,,,,,,,,,,,,,,,,,,,,,,,,,,,,,,,,,,,,,,,,,,,,,,,,,,,,,,,,,,,,,,,,,,,,,,,,,,,,,,,,,,,,,,,,,,,,,,,,,,,,,,,,,,,,,,,,,,,,,,,,,,,,,,,,,,,,,,,,,,,,,,,,,,,,,,,,,,,,,,,,,,,,,,,,,,,,,,,,,,,,,,,,,,,,,,,,
1990,,,,,,,,,,,,,,,,,,,,,,,,,,,,,,,,,,,,,,,,,,,,,,,,,,,,,,,,,,,,,,,,,,,,,,,,,,,,,,,,,,,,,,,,,,,,,,,,,,,,,,,,,,,,,,,,,,,,,,,,,,,,,,,,,,,,,,,,,,,,,,,,,,,,,,,,,,,,,,,,,,,,,,,,,,,,,,,,,,,,,,,,,,,,,,,,,,,,,,,,,,,,,,,,,,,,,,,,,,,,,,,,,,,,,,,,,,,,,,,,,,,,,,,,,,,,,,,,,,,,,,,,,,
1991,,,,,,,,,,,,,,,,,,,,,,,,,,,,,,,,,,,,,,,,,,,,,,,,,,,,,,,,,,,,,,,,,,,,,,,,,,,,,,,,,,,,,,,,,,,,,,,,,,,,,,,,,,,,,,,,,,,,,,,,,,,,,,,,,,,,,,,,,,,,,,,,,,,,,,,,,,,,,,,,,,,,,,,,,,,,,,,,,,,,,,,,,,,,,,,,,,,,,,,,,,,,,,,,,,,,,,,,,,,,,,,,,,,,,,,,,,,,,,,,,,,,,,,,,,,,,,,,,,,,,,,,,,
1992,,,,,,,,,,,,,,,,,,,,,,,,,,,,,,,,,,,,,,,,,,,,,,,,,,,,,,,,,,,,,,,,,,,,,,,,,,,,,,,,,,,,,,,,,,,,,,,,,,,,,,,,,,,,,,,,,,,,,,,,,,,,,,,,,,,,,,,,,,,,,,,,,,,,,,,,,,,,,,,,,,,,,,,,,,,,,,,,,,,,,,,,,,,,,,,,,,,,,,,,,,,,,,,,,,,,,,,,,,,,,,,,,,,,,,,,,,,,,,,,,,,,,,,,,,,,,,,,,,,,,,,,,,
1993,,,,,,,,,,,,,,,,,,,,,,,,,,,,,,,,,,,,,,,,,,,,,,,,,,,,,,,,,,,,,,,,,,,,,,,,,,,,,,,,,,,,,,,,,,,,,,,,,,,,,,,,,,,,,,,,,,,,,,,,,,,,,,,,,,,,,,,,,,,,,,,,,,,,,,,,,,,,,,,,,,,,,,,,,,,,,,,,,,,,,,,,,,,,,,,,,,,,,,,,,,,,,,,,,,,,,,,,,,,,,,,,,,,,,,,,,,,,,,,,,,,,,,,,,,,,,,,,,,,,,,,,,,
1994,,,,,,,,,,,,,,,,,,,,,,,,,,,,,,,,,,,,,,,,,,,,,,,,,,,,,,,,,,,,,,,,,,,,,,,,,,,,,,,,,,,,,,,,,,,,,,,,,,,,,,,,,,,,,,,,,,,,,,,,,,,,,,,,,,,,,,,,,,,,,,,,,,,,,,,,,,,,,,,,,,,,,,,,,,,,,,,,,,,,,,,,,,,,,,,,,,,,,,,,,,,,,,,,,,,,,,,,,,,,,,,,,,,,,,,,,,,,,,,,,,,,,,,,,,,,,,,,,,,,,,,,,,
1995,,,,,,,,,,,,,,,,,,,,,,,,,,,,,,,,,,,,,,,,,,,,,,,,,,,,,,,,,,,,,,,,,,,,,,,,,,,,,,,,,,,,,,,,,,,,,,,,,,,,,,,,,,,,,,,,,,,,,,,,,,,,,,,,,,,,,,,,,,,,,,,,,,,,,,,,,,,,,,,,,,,,,,,,,,,,,,,,,,,,,,,,,,,,,,,,,,,,,,,,,,,,,,,,,,,,,,,,,,,,,,,,,,,,,,,,,,,,,,,,,,,,,,,,,,,,,,,,,,,,,,,,,,
1996,,,,,,,,,,,,,,,,,,,,,,,,,,,,,,,,,,,,,,,,,,,,,,,,,,,,,,,,,,,,,,,,,,,,,,,,,,,,,,,,,,,,,,,,,,,,,,,,,,,,,,,,,,,,,,,,,,,,,,,,,,,,,,,,,,,,,,,,,,,,,,,,,,,,,,,,,,,,,,,,,,,,,,,,,,,,,,,,,,,,,,,,,,,,,,,,,,,,,,,,,,,,,,,,,,,,,,,,,,,,,,,,,,,,,,,,,,,,,,,,,,,,,,,,,,,,,,,,,,,,,,,,,,
1997,,,,,,,,,,,,,,,,,,,,,,,,,,,,,,,,,,,,,,,,,,,,,,,,,,,,,,,,,,,,,,,,,,,,,,,,,,,,,,,,,,,,,,,,,,,,,,,,,,,,,,,,,,,,,,,,,,,,,,,,,,,,,,,,,,,,,,,,,,,,,,,,,,,,,,,,,,,,,,,,,,,,,,,,,,,,,,,,,,,,,,,,,,,,,,,,,,,,,,,,,,,,,,,,,,,,,,,,,,,,,,,,,,,,,,,,,,,,,,,,,,,,,,,,,,,,,,,,,,,,,,,,,,
1998,,,,,,,,,,,,,,,,,,,,,,,,,,,,,,,,,,,,,,,,,,,,,,,,,,,,,,,,,,,,,,,,,,,,,,,,,,,,,,,,,,,,,,,,,,,,,,,,,,,,,,,,,,,,,,,,,,,,,,,,,,,,,,,,,,,,,,,,,,,,,,,,,,,,,,,,,,,,,,,,,,,,,,,,,,,,,,,,,,,,,,,,,,,,,,,,,,,,,,,,,,,,,,,,,,,,,,,,,,,,,,,,,,,,,,,,,,,,,,,,,,,,,,,,,,,,,,,,,,,,,,,,,,
1999,,,,,,,,,,,,,,,,,,,,,,,,,,,,,,,,,,,,,,,,,,,,,,,,,,,,,,,,,,,,,,,,,,,,,,,,,,,,,,,,,,,,,,,,,,,,,,,,,,,,,,,,,,,,,,,,,,,,,,,,,,,,,,,,,,,,,,,,,,,,,,,,,,,,,,,,,,,,,,,,,,,,,,,,,,,,,,,,,,,,,,,,,,,,,,,,,,,,,,,,,,,,,,,,,,,,,,,,,,,,,,,,,,,,,,,,,,,,,,,,,,,,,,,,,,,,,,,,,,,,,,,,,,
2000,,41.59157105,,19.3032354,12.99896717,80.61695099,1292.039429,113.8115238,787.0211182,708.7695313,26.12908936,,512.5682983,1638.814941,2269.126465,19.14171791,8.42834568,1849.916016,15.88687897,7.52564335,8.56026173,94.49745178,485.6864624,1030.968994,113.3132629,57.66816711,131.9693298,,43.84843826,312.5392761,600.80896,508.5484009,30.89350891,205.236969,10.28705597,2007.880859,221.140527,3559.819824,,356.9637756,42.11240387,36.47083664,27.93606567,18.6212616,17.44025993,132.879715,45.77197266,63.03440475,248.753418,254.3145104,180.8112183,,,750.5167236,342.921051,2344.354736,31.95798492,254.785553,2496.047119,140.138855,61.58218002,37.94265913,66.89891649,239.1290835,90.59443861,941.2433617,47.89228439,73.65684509,1749.838596,13.75257683,1005.283997,209.7131348,5.38449526,1431.698177,38.3521571,1722.832642,77.02472687,2161.853027,,168.4578552,127.6435394,2054.18042,51.85281754,17.85551643,,23.25868988,50.86863708,20.70239449,40.92737579,885.4104004,270.9839172,,83.95554352,,63.1490097,2463.386619,,68.51774597,17.12737971,371.0621338,29.78231049,313.1085815,77.42033452,64.86746662,16.46730615,19.30705179,16.20165443,15.01744537,,18.50239372,,1564.837402,80.85904694,,2873.848145,1513.944702,1524.239624,191.4724731,159.147644,2740.674805,50.99633026,20.51720238,12.29036808,19.73148346,68.88991547,458.5593872,473.9867554,463.8598328,275.8021573,14.38795185,479.6019898,12.50086308,244.6750031,289.2843018,285.2366849,12.27473571,15.22041322,,43.71691132,23.84946108,60.66931928,26.23996544,88.01362896,217.1761322,2901.199951,181.5707245,,,53.68618393,1408.094238,21.37988472,12.86519241,221.9207306,147.78741,318.4615173,430.9180603,63.92247815,164.4736481,14.75309944,647.1015015,4.33537483,80.08070361,,27.00856018,,7.10689354,22.87253761,118.9770737,9.09148884,111.3384934,4313.693332,213.267273,,10.58441544,17.73399734,52.80468369,2028.181396,2948.931641,8.55345249,456.1726379,1053.891602,2157.309007,263.5175171,227.98112,15.58189678,285.2023315,87.61366272,32.77544785,678.1436768,17.84069252,238.0044861,17.25799934,,,969.5521851,91.54776764,,89.23893885,2485.032163,,602.1158447,69.89345551,95.4120636,9.322052,17.49122579,386.2592163,15.23164654,21.67036438,797.2903442,48.76208496,23.31109047,178.6319275,2151.650879,,56.50499725,32.22160284,,32.26198815,224.3703961,56.68047333,168.918747,203.5062714,796.6470337,2173.193848,79.68417358,,349.9909668,54.21872711,,10.23765469,37.95189302,106.5499553,10.0020895,62.2649498,5.97125244,76.63774109,286.9279164,,80.08070361,58.27169418,17.49122579,32.26198815,277.2157898,111.6608505,199.4993744,359.1017761,12.6108675,19.10987282,35.13175964,109.0505736,687.930542,4564.455078,35.50957489,157.9358673,355.1456299,,,18.91674423,48.71302414,479.8304679,63.03668213,,25.82774544,225.5343323,24.72463989,
2001,,37.68653464,,19.68565778,28.91812134,89.58073425,1319.906006,117.0888292,777.1306152,675.0578613,32.25933838,,563.7371216,1564.166504,2282.515869,19.18987465,8.60474777,1879.934814,16.81288338,7.70798016,8.36238003,119.8299789,484.9073486,1078.694458,112.0685196,74.33643341,156.856308,,45.78475189,270.1898193,619.3395996,464.7904358,35.94556046,201.8108215,9.54669666,2063.92749,252.1759466,3763.384521,,327.1319885,43.66367722,31.83412552,26.67946053,5.82149839,20.63038635,136.6105347,43.472435,67.14394379,256.3935852,249.0847803,198.1336517,,,782.1616211,388.5440369,2346.61499,31.04225731,226.9600678,2602.642822,145.3536682,66.80211639,39.07511929,68.18545508,222.4921931,95.94725303,972.5300379,70.81141663,73.07783508,1791.321628,14.51352882,1045.050659,214.7041473,5.61692476,1474.157533,39.35094987,1806.050171,64.19293213,2192.71582,,190.0736847,125.7693939,2128.294434,55.22227478,20.92321587,,22.10671425,41.45034027,19.8405323,58.34743881,1004.81543,283.4758301,,100.3934326,,60.86844635,2552.481578,,67.19782257,16.2612867,388.3248901,26.90669823,359.6974793,78.49557864,65.49037086,15.98012097,18.42043677,17.69404984,14.73339073,,19.79767799,,1823.734741,94.61769867,,2557.269531,1559.083252,1586.657104,177.2637482,170.0458069,2479.811523,51.56954956,21.25755501,13.16161728,22.56181908,90.62192535,451.6802368,508.2807617,598.4143677,268.8305251,14.76590061,459.4657898,10.08628559,253.9099121,288.7567444,279.6131997,12.26511861,14.03785581,,41.32370377,25.22483679,60.93680459,26.13252449,88.83012339,218.8180237,3109.201416,205.0204773,,,55.9498291,1431.0979,25.39859009,15.53348637,230.1708679,154.9062718,363.673584,386.6804199,64.3464816,152.1587219,13.89508247,685.9840088,4.48454952,85.05642538,,26.48761559,,8.87072754,23.09371185,119.4685364,7.73601103,114.6087189,4635.054886,188.2023163,,11.08416271,18.60057449,57.04565811,2175.730469,3099.003418,10.52144337,346.1298218,1049.376099,2233.883508,261.3163757,224.9609341,13.58520126,281.0045166,95.54106903,28.20890999,639.4606934,17.44826126,282.8210449,17.18030761,,,989.6211548,78.92408752,,85.99524112,2578.511366,,659.9840698,78.8175354,118.1094894,7.92092705,18.26152407,387.4862976,16.57659912,23.83636856,696.6171875,63.40198898,25.17224312,182.8806458,2172.196533,,112.2206192,30.10231025,,30.14904796,220.8092091,53.57339478,93.65898895,212.2220764,826.225769,2155.440186,78.20019531,,407.3317566,58.47392654,,11.79921436,39.08328752,115.4226215,10.01389408,57.29465866,7.67240763,123.7940674,280.7362955,,85.05642538,59.96763992,18.26152407,30.14904796,284.2960205,114.8865891,153.6227417,272.0803833,15.53204632,20.65848732,44.7864418,108.8209895,668.9579468,4914.94043,30.33938026,171.3984528,391.5083923,,,23.18782616,46.25571823,492.9915495,58.87117767,,27.19543648,198.6817932,25.0923233,
2002,,34.63420032,15.80316353,20.49646861,29.04936409,96.27111816,1508.520752,116.421637,857.9119263,223.8486023,59.63238907,,550.0645752,1770.466187,2497.865967,20.59066963,7.96743488,2084.719971,17.47441101,8.71375179,9.34001255,148.1479187,503.0300598,1100.532593,127.2113953,87.08403778,165.5991364,,44.27474976,246.9470062,665.9202881,473.2272339,36.13760376,204.8869782,10.80481339,2159.315918,298.2324758,4211.729492,,323.0671692,49.14166641,31.49195862,30.40726662,4.47839451,17.11676979,130.4255219,48.72956085,72.8820343,277.6987,267.4612668,213.3907929,,,890.4829712,497.7420349,2567.491455,40.19449615,222.0938568,2895.807373,155.0956116,66.46335602,43.59819251,61.8563241,224.3133211,114.8790914,1097.414379,96.82357788,68.25554657,1995.301701,15.21526051,1174.579346,250.4802094,5.25928497,1650.365243,33.08417048,2054.262939,73.05122375,2449.758301,,178.5595856,137.2801514,2417.061035,64.06044006,21.03129005,,25.11627769,39.55756378,20.14164352,73.50776672,1168.824097,322.0144043,,107.955986,,65.68416595,2759.551069,,70.8179245,16.96863981,386.4440918,21.99154663,473.1278381,77.07957201,64.19475357,16.75911731,18.77445157,19.90477753,15.76070766,,20.23548126,,2200.357422,105.7709427,,3091.28833,1403.31604,1762.537598,171.2720642,174.0001984,2404.646484,59.46535873,21.68992996,14.77255917,24.55773354,98.50437927,473.8865356,544.2607422,637.4488525,230.8616278,13.1817894,418.0903015,8.54358292,180.9859467,304.0297852,238.4742057,13.28146537,15.03201718,,42.84844971,26.0970483,60.13263596,22.34071541,94.44091664,254.3668823,3600.867432,237.295166,,,63.52367401,1560.757202,33.9242363,15.12862587,247.301651,153.5960794,385.0985107,361.0734558,63.68102316,175.036026,16.74376488,830.6463013,6.86361122,86.27958084,,29.65744781,,10.28336811,25.60963631,135.9414368,11.26799107,121.8090744,5020.531773,179.5495911,,12.42963505,18.20248985,57.37988281,2544.813721,3889.959473,10.71954441,298.3062744,1246.313477,2414.867132,274.3796082,249.0420301,15.18973827,291.9536438,103.8370285,27.33049011,665.6698608,19.96473694,315.8314514,17.85322679,,,1110.387329,54.52845001,,94.55042016,2794.92403,,742.269043,96.57698822,140.7553864,7.30057716,18.83124947,369.5001831,18.30408287,26.79411125,757.1998291,80.12024689,28.83034897,186.4581757,2248.690918,,173.2740479,28.66935225,,28.71284342,242.4862834,57.77625275,162.9091034,254.127655,944.8713989,2458.130127,77.6235733,,378.2289429,63.93671417,,18.12550163,43.6062962,135.4036777,11.27595139,69.9021225,8.35373688,132.5186005,238.2794386,,86.27958084,68.0438385,18.83124947,28.71284342,338.2855225,125.9122696,186.6913757,218.1291962,17.41364098,22.57953644,52.87649155,106.8204954,430.2504273,5332.493164,24.39394188,184.0023041,285.632019,,,19.65594101,52.87108231,523.2886762,76.19980621,,28.01715851,172.2277222,25.96962738,
2003,,47.70510894,17.03574371,32.57030845,34.87518692,125.9879761,1812.315796,113.3148002,886.5012207,262.2865906,66.77802277,,602.6936035,2249.290771,3091.240234,23.80161095,7.16897392,2828.171631,21.57793999,11.74841595,10.27598572,195.7436981,567.2379761,1138.740601,180.9941711,109.8769302,167.8891754,,47.16543961,251.4379425,781.9650879,535.2774048,37.73608017,267.4956665,12.96637344,2562.914551,372.9412809,5018.527344,,349.9878235,55.6510849,39.49386978,36.96333313,6.47020149,21.71119118,128.0061493,57.74796677,89.07603455,289.0682678,273.6260786,227.0909576,,,1145.058472,640.6604004,3152.780518,46.11334229,237.3544617,3607.042969,106.1385651,75.7433548,49.79204733,68.21795197,251.7435886,142.9118124,1360.006422,131.5996399,53.82350159,2500.526804,18.9991188,1641.058716,349.0580444,5.84133863,2070.733375,36.91094221,2606.775879,91.40223694,3006.305908,,219.3636017,174.1004334,2833.677002,77.73462677,25.49957466,,25.97815895,30.87388229,24.20259094,106.5741272,1566.40979,300.3641968,,113.6128998,,68.69402313,3131.288045,,79.79921722,19.75607756,512.1520996,18.31630516,682.8656616,85.27674702,71.42283495,20.81736863,26.74767862,26.67323875,17.87323954,,21.99779892,,2910.932129,116.6152039,28.1536808,3955.023926,1433.670776,2163.025391,146.8826294,171.0476685,2642.227051,76.02937317,25.03597069,22.32097054,25.21769905,108.2701035,487.4154968,644.149231,715.6280518,241.7619329,17.97390747,385.026947,7.72558451,189.6885071,322.109314,247.1534587,15.27370348,16.98507009,,42.36933517,29.79049118,67.40907619,31.49400139,105.4494803,338.8630676,4607.402832,280.5087891,,,79.60365295,2214.744141,38.43836975,17.46053123,235.6195221,150.6077216,411.4224243,351.0636902,71.42360268,217.2165527,19.82828903,1074.09314,6.37247419,83.67914524,,26.50799942,,11.53792667,28.95334435,162.0018463,12.50175095,142.7466888,5428.707915,263.3314819,,14.61135769,39.43843842,61.17759705,3244.356445,4632.568359,11.33715725,275.3778076,1610.937622,2737.504141,287.6635132,314.2200384,14.45083237,286.9850464,110.1789627,32.2433815,701.3195801,21.63471603,339.3352051,25.4258791,,,1409.029419,58.68876648,,100.7685732,3177.606612,,1218.352417,143.5455322,164.6477356,17.31920624,20.19021948,382.3901062,24.7358799,35.65910339,852.968811,55.58278275,28.85776711,185.7367554,2496.627686,,230.1070862,41.31693517,,41.3647729,290.8582847,80.15371704,173.2046356,344.4733582,1203.063477,3109.148682,137.0496063,,440.6242065,61.29418945,,18.198349,49.80028039,163.9920338,13.87164688,76.5091095,11.17181587,208.8675232,246.772413,14.7028265,83.67914524,74.03245544,20.19021948,41.3647729,374.0027161,150.8267059,238.6871796,287.8776856,20.81579018,22.38943672,68.91546631,119.1327449,378.6530762,5741.299316,25.49855804,186.0557404,245.4079285,,,22.37121964,55.42980957,587.4964814,85.76576996,,35.71838379,259.3633728,31.30976868,
2004,,59.08396867,20.4127636,37.54605451,49.81074142,156.5681763,2033.00354,124.084057,894.5404053,311.6450501,72.17178345,,585.7212524,2767.136963,3594.650391,27.38257599,9.8821106,3326.450195,24.54393578,17.61220932,11.08631516,233.113327,550.3598023,1148.942383,244.5274048,142.7480164,169.6343994,,47.04486847,295.5286255,915.3046265,619.2869873,46.90710449,293.9718933,13.89353085,2925.067139,446.7367993,5608.703125,,427.5166931,63.26198578,47.48029327,40.55318832,8.38838673,27.88204765,157.5755768,62.88409805,98.08786774,292.0318298,312.7180867,231.9878235,,,1286.971558,746.3289185,3459.80957,40.28805161,247.4588165,4194.873535,106.6501617,92.50652313,56.00799733,77.11627309,278.2947178,181.4179095,1577.945657,149.3884277,53.93090057,2859.119375,22.12163734,1924.445313,455.0681152,5.88065052,2373.472522,42.97571767,3035.97876,117.6831055,3458.627441,,270.7167969,190.8656769,3429.647217,100.874176,29.50203323,,26.85185814,34.72867203,31.0591526,143.7288208,1782.695923,308.148407,,122.2627335,,79.27994537,3447.494841,,83.47966766,23.20018683,634.6203003,23.67709351,798.4536133,99.19522397,82.79495209,23.67216419,29.7886884,27.17466164,20.63623644,,25.06458473,,3483.160645,142.404541,53.50862122,4497.974121,1488.161377,2565.627441,179.3847046,184.5114899,2875.933594,112.7056961,27.09413719,27.23155403,28.98029327,140.2951965,491.5245056,717.8743286,744.8129273,273.5881834,16.57514763,370.4224548,22.52964973,201.769455,314.0553284,280.9657354,18.1643138,19.92427633,,50.92406845,33.82782029,78.01917633,40.47372437,123.8471265,366.9596863,5610.353516,393.2980652,,,93.63453674,2570.390137,64.60714722,15.03719425,294.9519043,165.8820769,445.6203919,421.2368164,82.72624471,233.9918213,22.97034264,1223.857422,6.79912138,96.33821456,,33.172966,,14.07469845,30.72266579,189.9288025,16.20174026,154.9348755,5790.958789,358.1589356,,16.08820152,44.63315582,65.40616608,3689.464355,5097.344238,13.22838974,219.6870422,1983.658813,3015.271996,301.3301086,363.2966289,15.63451576,326.210907,115.7181702,34.17014694,828.7808838,25.62973022,392.0033875,30.95870832,,,1682.242432,71.06072235,,124.7186108,3502.704377,,1295.111816,190.7950592,209.1970978,20.55388832,22.91645673,400.875824,32.12231064,42.50958252,867.5126343,66.74427032,29.22132874,193.6116791,2908.695068,,274.4285584,50.00671785,,50.05890184,336.2185507,80.71757507,221.2223663,511.5298767,1368.648682,3486.5354,183.9289246,,499.0007935,61.67289352,,28.2273941,56.01713795,204.562169,15.23324203,83.49951172,14.93279171,319.2583618,281.1524665,19.33460426,96.33821456,110.7025452,22.91645673,50.05890184,449.8487244,169.6773682,299.5606384,228.3738098,23.90641594,31.77279472,84.58253479,139.2830629,371.6006165,6103.584473,27.88423538,195.942688,293.3448486,,,28.7441864,63.296772,646.8937225,109.0597458,,39.15239334,329.2386475,37.97074127,
2005,,65.31615238,23.89050102,43.57009933,54.26077652,165.2653351,2301.593506,137.9459012,913.3560791,392.5887451,96.35484314,,626.7166748,3013.087646,3710.397949,35.07611465,12.77716923,3420.078857,24.12298584,18.08620071,11.60705376,267.741394,570.2942505,1220.788208,262.8928223,198.3073731,174.0331726,,52.48216629,384.9320068,935.6404419,646.1602173,47.74116898,277.0604858,14.7944603,3296.501465,522.5036194,5673.94043,,500.6451721,71.86441803,49.2191925,41.44176483,9.07471561,31.51848221,207.1589966,62.4527359,100.6719818,311.7087708,345.8064039,331.532135,,,1366.01709,852.6524658,3558.198242,40.95962524,256.7341309,4442.755371,171.230011,100.713829,64.31725063,87.83595079,292.1093456,228.9813693,1670.445571,167.4712677,63.86014175,2976.5124,20.64315796,2060.330811,524.6801148,6.65360308,2485.461044,48.48409839,3228.952148,129.1089478,3575.025146,,417.7243652,199.5854797,3599.934082,126.4450836,44.7131424,,19.99720573,35.80473328,31.52978706,163.7703095,1935.267578,341.8997498,,132.334137,,87.48361969,3628.684051,,98.11772919,26.54557324,727.1310425,24.89042091,895.2033081,116.9085725,97.29197289,27.4983431,35.82526501,35.50515366,23.36431053,,27.66702271,,3938.191162,174.8438721,53.76188278,5213.475586,1555.036011,2677.552246,186.5417328,193.5009613,2883.300049,144.7014008,30.47352028,36.11393356,32.49455261,139.9230957,551.9799194,886.4706421,846.2843018,330.0932196,17.68591881,345.3574219,26.44708443,212.0568085,337.5200806,337.3241626,20.37629975,22.60810981,,57.3034668,39.52345297,91.8816741,40.76879501,148.5005383,438.9326782,5818.145996,440.8097534,,,97.53405762,2628.193115,79.33213043,16.50335312,321.3184204,185.2706009,483.0953674,543.7558594,97.59365107,233.1067352,25.39648056,1379.686401,7.41623688,108.0104084,,37.50867462,,18.23710632,33.05524826,197.6750488,17.5325985,163.9327393,6143.993822,386.4403381,,20.27094841,54.55794525,72.34895325,3823.480957,5584.689453,14.45738506,335.6072998,2295.177979,3176.949821,320.2121887,395.7070345,19.88389397,304.4779968,122.1709747,46.57011795,873.7719116,27.67082405,465.7001953,35.41000796,,,1774.185303,75.27656555,,147.8648964,3690.115273,,1321.939453,254.5296173,271.884613,25.63013649,25.53949965,471.1194458,40.80571747,36.46347809,908.9459839,91.19007874,32.27239609,204.8970337,3004.915527,,307.5655823,56.14851414,,56.20079456,368.3823149,91.52962494,251.2885895,601.3132324,1449.189209,3545.955078,227.4730377,,516.0362549,63.55982208,,31.98035049,64.32723594,254.8581933,16.12846947,91.44425964,17.73142815,345.1427307,336.6077339,24.51493263,108.0104084,116.7634201,25.53949965,56.20079456,553.0686035,172.3444367,364.9080505,242.8870392,28.24069595,39.42023468,116.3311691,165.3770889,440.4519959,6454.683105,32.32670975,204.6110687,333.3395081,,,35.03743744,62.3782196,685.9089234,126.3174896,,43.37588501,361.0133362,48.21477509,
2006,,71.17383246,27.83657074,50.58217667,69.81230164,174.5302429,2158.875732,158.9186497,974.5206299,455.7980957,126.252945,,648.2271118,3184.807617,3882.981934,50.24787903,16.64111137,3558.54248,25.40521812,21.35472488,12.33577824,294.1089172,591.3112793,1323.530884,303.5122376,223.831192,188.7039337,,56.81023026,485.5993347,1000.617188,654.6901856,55.31650925,263.6054688,16.09814835,3778.271484,580.0235531,5671.981445,,571.201416,81.22816467,54.63421631,42.79501724,10.97469044,36.79486084,237.0175171,62.53800583,118.3291397,362.5049133,370.4699817,387.4201965,,,1474.02063,942.118042,3697.921631,47.32995605,263.9116516,4778.891602,164.1003876,116.7143173,73.865796,98.77060816,297.9456763,279.5157396,1790.840328,189.3207855,71.35442352,3145.95413,22.02857018,2242.178223,600.5078735,8.66179371,2635.6541,63.89406965,3407.665527,135.9334259,3814.276367,,257.90271,223.3005524,3893.588623,145.0523071,50.95217896,,16.37105751,35.87295151,30.46108055,195.2540741,2052.875488,340.3971558,,148.7137756,,101.8866577,3820.525099,,112.4480057,30.89641093,816.0170288,28.71922302,893.2030029,136.0320894,113.063012,32.41607616,43.67204355,46.20238876,26.823841,,29.56233788,,4147.132324,199.8020172,57.19505692,5071.869629,1593.609863,2832.697754,182.2562256,202.4481354,2754.377441,177.0089569,40.28915024,45.97068405,33.02605438,134.9060059,678.223877,1065.266479,964.0189819,385.5220889,19.59955788,400.7099915,25.11979103,234.7842255,392.9121399,401.0794416,23.8804767,26.39158397,,65.39842987,45.33758608,106.2007667,48.55776596,175.8143208,536.0573731,6070.73584,552.3015747,,,110.1037979,2706.681885,100.1081619,17.19776154,387.1233215,207.6084825,512.8331909,562.3250732,112.8980795,245.6707306,28.51480293,1474.484497,8.21358681,121.1801175,,50.02914047,,17.79965973,34.04533005,209.1485443,21.31405258,203.2125397,6521.640996,416.1722107,,21.34530449,66.54981232,77.98773193,4080.219727,5892.987305,13.94222355,371.0635071,2301.891846,3346.225434,333.23526,419.7895604,24.99266052,350.7443848,141.2171478,54.86775589,934.9093018,30.49430084,524.0974731,42.27826249,,,1814.213623,96.14305115,,146.3897848,3890.262911,,1311.676025,291.0040894,352.5519409,27.64455414,27.75485878,556.0655518,61.05639648,38.64305115,990.8016968,89.24143219,33.61574173,208.5317078,3211.688477,,371.557312,62.48573618,,62.53868479,391.1634406,68.29799652,325.9138794,729.0132446,1541.664307,3763.105469,248.5896149,,531.0997925,65.62462616,,34.6416626,73.87626878,306.4246592,16.95442963,104.4460144,20.43570137,374.1831055,400.498424,26.80820465,121.1801175,159.3008728,27.75485878,62.53868479,593.2364502,181.3711853,416.9285278,298.6590271,36.27006531,44.78743744,148.3751068,192.4882211,495.2510376,6821.107422,37.71009445,216.4269257,553.4087524,,,42.29331589,68.08332062,727.9232291,138.65979,,51.00078583,369.005249,61.57552338,
2007,,79.2727676,31.27183914,55.37343918,92.86030579,222.3036652,2392.820313,186.1406953,1072.705322,572.0401001,172.6018677,,694.536438,3799.737549,4478.768555,75.39520264,18.25146484,4078.583252,27.92425346,27.96674919,14.31881523,361.2349854,692.9683228,1415.036743,388.098999,281.0776367,226.0124054,,64.47034454,602.6859131,1015.606689,702.6691895,66.06005859,311.0372315,19.37653732,4199.288086,729.2921008,6154.703125,,648.5598145,97.07929993,66.77438354,47.281353,12.13539028,43.03957748,305.9917908,67.81578064,133.4176483,427.0420227,429.2508909,571.2655029,,,1694.271851,1110.176636,4182.799316,50.44793701,285.2404175,5468.379395,198.0725403,150.9656372,88.41812406,114.437297,322.0536201,356.0808333,2062.498364,209.2506104,78.95716858,3568.946835,17.96751404,2606.178955,832.7330933,11.98231506,3008.330218,75.3471664,3911.96582,150.6568604,4318.73877,,272.1109619,266.2097168,4505.467285,186.6177826,60.0993042,,22.65211487,38.60668182,36.34542084,249.9615326,2426.759521,377.7578735,,158.3339233,,129.2283936,4143.870972,,127.9885101,36.21063104,1041.034424,37.11300278,1003.258179,164.3490185,135.8318193,37.0346941,48.21087776,58.18482971,31.47547567,,35.85623932,,4858.64502,248.3849487,98.87436676,6085.484863,1799.732544,3092.558838,246.0103607,227.0579071,2772.697021,180.5011597,49.51648712,50.84462738,30.96165657,156.480072,692.0773926,1223.174438,976.5664063,461.3446262,25.21406746,445.7762451,37.23071289,275.479126,439.9048462,478.3786836,28.31173646,32.28684781,,73.7281723,53.99598553,127.7618738,65.21094513,216.8478395,704.2931519,6671.265137,775.1915283,,,137.5432739,3039.027832,135.4436646,19.67164612,462.9902344,242.6053463,556.0402832,476.0579529,135.9163171,265.3627014,31.34812164,1596.123169,9.61486912,148.0531911,,66.53733063,,19.75497627,39.03982544,235.8505707,25.46150398,233.8564301,6879.531667,469.6120911,,22.24166489,70.07374573,92.37856293,4696.141602,6895.560547,17.40269661,598.220398,2699.412842,3634.892833,384.2087097,489.3565188,28.44916725,427.2287293,158.8526764,65.47948456,1003.277954,33.9405365,660.9246826,49.39834275,,,2069.86084,124.286438,,153.7711817,4223.644023,,1290.986938,415.0679016,461.5053101,34.4347496,33.29763854,587.9784546,90.58113861,40.83710861,1121.342529,89.9045105,36.16654587,212.8181,3741.922119,,547.1903687,69.2015966,,69.24581301,454.6866076,71.05831909,321.1723633,1029.300415,1795.950439,4307.144531,263.8681946,,469.2086487,75.41347504,,34.82590866,88.42999231,389.7139174,19.91258812,126.849556,29.1230545,281.9347839,475.6511237,29.59138489,148.0531911,144.0092773,33.29763854,69.24581301,696.387085,205.0095825,512.8482666,295.2988586,36.90998459,53.47136688,185.9115601,233.3244557,571.9918823,7172.166016,46.53120804,251.1140137,658.0493774,,,49.50850296,73.1243515,797.3423988,153.5153656,,59.23065186,392.0307007,48.94664383,
2008,,81.8070789,38.10266113,63.91534692,135.6058197,220.4642487,2774.493408,217.1810102,1303.140747,746.4932861,266.3115845,,673.8375244,4090.761963,5057.760742,107.3614349,18.31873894,4671.56543,30.30306816,29.78364944,15.80424309,455.5405884,757.736145,1489.427246,482.9365234,351.7279663,249.6313171,,79.01570129,707.4912109,1107.046021,788.6153565,58.85731506,330.3592224,19.16386795,4459.876465,927.1541944,7120.651855,,724.7012329,131.8872833,78.02518463,52.45386124,16.02249908,64.76908875,374.4269714,72.68344879,133.2350769,515.4333496,472.9390059,612.2435913,,,2155.246582,1449.336792,4669.635254,53.96245575,326.6416931,6137.776367,240.4110718,206.8851929,115.6005297,126.4672377,374.6253932,442.691202,2305.437936,247.1404266,97.20935059,4029.949814,19.32589912,2995.049805,1038.562256,13.45180225,3417.6092,86.26102212,4481.216797,143.7672424,4812.536621,,304.5819397,285.3922424,4351.276855,268.1403503,68.42399597,,23.32725334,42.96466064,41.70643997,419.6589966,2840.508545,421.8442993,,174.7788696,,143.8078766,4437.472191,,149.6478577,40.66734393,1258.872437,39.96041489,1117.202271,198.0549396,162.6634473,41.66770792,53.00931965,61.95336533,36.01728454,,37.88212204,,5638.779297,302.4498291,132.1146545,4946.0625,2144.821533,3504.111572,276.5376892,293.3645935,3213.695557,256.544281,54.57352448,63.82300568,49.2183609,200.8367004,856.4127197,1149.708618,1072.813354,529.6250159,27.1896553,477.757019,35.63352966,321.2136231,427.1851502,548.1661159,32.95311053,36.38163826,,92.90744781,61.24858893,152.5882592,68.62264252,273.8637133,936.5093384,7578.749512,913.5214844,,,155.5387726,3573.521484,185.5611572,22.19978905,758.7109985,287.2230538,570.8305054,461.6322327,162.6870629,314.1453247,35.02916718,1751.165039,14.25486851,180.5902828,,97.36168671,,24.3008213,47.60751343,321.8163147,33.32744598,268.3900452,7119.878114,412.7146301,,26.18297386,81.24026489,107.4519959,5382.445801,7768.050293,19.09256172,819.0628662,2839.178955,3892.948437,445.4979248,534.66022,25.72966003,489.8159485,189.5574036,77.18696594,1000.245483,35.72151947,892.5968628,57.85014212,,,2331.429932,168.1820374,,156.5362362,4521.368726,,1283.849243,521.3156128,609.1602173,41.09491348,35.11483715,596.5264893,92.22037506,49.03627014,1295.249878,78.39006805,40.335495,224.842514,4301.019531,,671.9564819,74.25851198,,74.29728301,497.2794465,78.14442444,347.2540894,1251.677246,2179.452393,4626.638672,277.9058533,,426.6879883,86.41690063,,37.71233368,115.6128095,490.2682367,24.14238548,151.5072632,42.08819199,255.4766541,546.0256717,42.76674271,180.5902828,202.7685394,35.11483715,74.29728301,784.5031738,233.339035,570.8589478,314.4863281,36.88764572,59.04119873,215.7867737,284.3995823,802.4571533,7410.700684,60.81357193,262.3676758,731.8700562,,,59.16986084,82.50093842,864.3133411,163.0090332,,70.82818604,377.0874329,55.93905258,
2009,,84.87945202,41.72274399,57.86068462,119.9962845,186.4428101,2687.855957,240.7264609,1296.977661,785.6702271,252.8356018,,591.4252319,3995.340088,4928.987793,129.7258606,21.8832016,4653.915039,30.71387672,31.59088516,17.92318726,459.3002014,785.2603149,1470.687744,425.0511475,290.7015381,241.4853516,,90.77088165,721.7680054,1135.609863,741.2953491,61.12592697,342.9356384,22.45341301,4357.233887,842.0350386,7297.379883,,735.9789429,162.6175537,74.76235962,49.16592789,13.28515053,50.04588318,379.6958618,68.19288635,135.4057159,534.5744629,460.2443554,679.6263428,,,2105.477783,1442.242798,4674.783203,55.32074356,344.1196594,6221.688965,256.3579102,208.1199188,137.4071019,128.3840325,419.7094938,382.2239784,2207.482796,272.4638062,106.6651917,3963.63606,22.39599228,2937.534424,963.0196533,15.63803864,3341.370508,92.48166268,4347.121582,128.8149262,4741.415527,,341.3183594,297.4153748,3892.01416,257.0617676,67.71266937,,24.11268997,36.94911575,39.16440582,307.4200134,2809.05957,396.1437683,,168.1847839,,154.4651794,4502.994473,,161.0005493,41.10996533,1187.545288,40.94065857,943.6876831,203.2666508,166.153789,40.92516675,48.40399606,65.10107422,37.19248455,,38.30339432,,5502.887695,371.420105,167.3632965,3693.556885,2039.003052,3337.750732,223.1117401,328.3468628,3686.154297,251.4995422,54.56043243,60.65092087,55.96894836,176.545578,842.4627075,1106.064087,1453.460449,525.0028067,36.23551178,515.3891602,44.75388718,355.186615,426.1854553,551.904744,33.77494701,37.32172996,,100.3218689,62.82738042,156.4712386,80.58473969,285.6934776,864.7363892,7670.59375,744.6616211,,,169.9503632,3523.19043,208.5300446,20.83815002,669.8102417,318.981875,490.5658569,437.6483154,167.0016203,296.6654053,36.54620361,1677.362305,18.11137199,204.8968643,,76.45706177,,26.94626808,43.22557068,310.1556091,36.23827744,250.2592316,7352.86105,383.662262,,27.05620766,68.99747467,111.0123215,5282.743164,7301.959961,21.09090996,566.4799805,2700.977051,3936.94026,476.1199036,509.587769,24.05052757,530.0705566,208.8805542,79.30064392,1037.087769,37.88201141,759.6057739,55.68898023,,,2288.643555,161.8488922,,152.3049382,4599.578484,,1270.248535,449.3769226,515.8544922,45.26377106,35.6080152,691.3226929,95.33586884,50.08225632,1328.52478,99.86914825,43.41863632,240.0522308,4209.331543,,575.4691162,73.50391037,,73.53496747,476.4761397,76.83090973,394.9021912,1320.093018,2125.056885,4137.5,292.2944031,,362.4761963,90.49646759,,35.68569183,137.4178524,423.1870331,26.69591522,152.4855652,39.5818634,194.2538147,548.5216684,49.46465683,204.8968643,126.3530808,35.6080152,73.53496747,810.796814,234.1063538,500.1930542,375.9710693,34.07072067,57.60364151,168.286438,293.0987287,816.2948608,7681.247559,71.42124939,270.0433044,886.7772217,,,64.43672943,83.70121002,875.7328943,179.211441,,66.81106567,417.1151123,51.35781097,
2010,,99.0729842,44.99053192,61.86702356,96.69701385,192.0032196,2642.165527,245.6111718,1314.630005,985.0344238,297.2290649,,701.8178101,4945.038086,4800.793457,145.8452606,26.41332245,4544.996094,31.04154778,33.91081619,20.80270004,484.7522888,796.3184204,1495.231323,417.7483215,343.6791077,242.3494263,,101.7298813,896.6971436,1087.656494,803.5268555,74.09108734,398.5707092,17.81714249,5048.309082,855.0534711,7705.175781,,867.7307739,186.4915009,73.97220612,48.31293106,12.52543068,56.91404343,448.0877686,67.074646,151.160141,660.5864258,485.8403354,612.4650879,,,2045.292358,1373.931763,4611.810547,56.2014122,359.221344,6011.538086,309.9571838,229.2894592,159.7426727,147.848927,478.291449,415.3170429,2192.776841,330.0005493,113.2481995,3849.361246,24.63759232,2789.533936,926.4541626,16.7058506,3265.361218,97.28810469,4249.602051,135.1828156,4598.320313,,378.2447815,218.8583832,3955.451416,271.0166626,81.50324249,,23.04640198,35.2233963,36.09091187,314.1137085,2564.369873,393.3341065,,173.7517853,,176.9506683,4647.981789,,166.1611633,43.01782767,1126.373657,54.9171524,983.1108398,234.7794802,190.5102305,44.49490859,54.35019943,92.45002747,39.4219312,,45.12977219,,5133.455078,445.6636353,150.45607,3644.802734,2234.949707,3217.682861,249.0825958,305.2936096,4060.490967,249.2689209,58.21165848,61.45378494,54.29156113,139.495224,828.4822388,1366.384399,1063.564697,628.9460404,34.97488022,577.359375,45.5770874,399.019165,430.2377625,654.8987057,35.01075812,38.1167946,,108.2751846,73.15898704,180.0126098,94.69707489,325.1903126,805.2244873,7459.835449,689.0772095,,,169.009491,3509.358887,198.2889404,21.95882225,600.6443481,341.4638059,553.9777832,449.4134827,192.7275606,305.2322998,33.20299911,1733.668823,19.6023674,225.5398673,,98.84479523,,25.1751461,42.47654724,367.1207886,34.66256714,292.0030212,7644.722925,517.2376099,,23.85829926,76.75720978,115.9510269,5191.693848,7859.516113,29.98280716,651.531311,3216.223633,4072.122354,529.0809326,522.7028733,25.25600243,572.6137085,242.1920013,91.60559845,1183.166748,41.08378601,809.1994019,56.71197718,,,2215.257324,200.6642914,,169.9097659,4757.14761,,1206.003052,472.2075195,566.0908814,49.29988861,41.42784203,702.6710815,93.45315552,51.16491318,1496.776001,133.3499298,43.97430801,245.7085877,3991.243896,,545.2910767,83.63726013,,83.68275005,492.7104699,74.93682098,415.2991028,1296.542847,2017.146606,4420.259766,358.1239014,,513.0844116,92.73750305,,36.28798676,159.7546729,456.4988159,31.4792347,172.0929718,42.9864502,221.7984467,654.9962902,52.1896553,225.5398673,177.9689484,41.42784203,83.68275005,861.5105591,243.7140198,539.3271484,500.0559692,37.53247833,65.54209137,202.3408661,339.3789517,1030.621704,7930.151367,85.18738556,286.35495,945.8930054,,,78.63555908,100.1354828,914.2084296,192.7742767,,68.86593628,543.4412842,55.3928299,99.34855652
2011,,108.1627281,50.85347366,68.65681949,122.1072311,211.0755158,2567.525391,283.2162145,1438.472168,1208.391602,330.5755615,,693.807251,5861.702637,5167.817871,176.4084778,25.13240814,4943.832031,34.96141434,34.8739357,22.84561729,555.8641968,805.3147583,1491.041626,467.0319214,319.7537231,252.9458771,,121.3785858,1031.576172,1135.5177,877.1575928,79.5575943,440.0437012,20.03986931,5355.67627,906.6744133,9191.958984,,991.2028809,236.3749237,74.19325256,56.36682129,12.46153259,62.34162521,497.3807068,78.71292114,161.0337372,749.6449585,506.3868511,699.8342896,,,2114.668945,1516.55542,5036.484863,68.77837372,376.9500732,6281.004395,335.0012817,287.3861084,198.7094521,161.7491642,586.6356394,466.1491193,2376.346125,409.0367737,125.2548676,4113.715568,33.50611496,2909.117676,1015.968262,15.11116791,3520.997045,96.08784372,4715.935059,148.8311462,4939.310547,,393.6810303,276.1181946,4208.419922,296.6886902,100.2524643,,24.67529106,33.1423111,43.17166519,335.7826843,2338.915771,423.1154175,,189.2429047,,190.9325562,4996.19336,,183.6016846,48.03115013,1132.498901,75.70629883,1063.432251,270.3824857,218.2966598,48.69198105,58.97404525,107.6673508,43.3867324,,48.60390472,,5570.705566,530.7138062,168.7490234,3866.707275,2437.046143,3392.012695,267.7389832,313.9347839,5087.356445,303.9808655,56.46788025,79.82953644,66.20181274,148.8027039,872.8114624,1512.452515,1272.992432,714.7043393,27.45368385,627.6420898,55.07883072,309.8786621,461.7883301,730.2941181,39.45651858,40.86875484,,118.9739685,82.47442499,208.3429914,125.0348663,385.469993,925.4716187,7174.739258,764.5917358,,,177.2804108,3677.420166,214.9824677,23.59220695,577.6629639,391.2477425,581.7102661,453.5579834,223.5849924,329.9504395,33.59200668,1960.061157,26.56099129,255.5886517,,134.7506256,,29.33419418,46.50239563,396.6121521,40.08781815,352.2692261,7855.277592,562.5910645,,24.89789391,84.46413422,123.3549881,5562.121094,8900.37207,34.68226624,697.8994141,3625.772461,4368.877447,533.0320435,566.8778246,27.06708717,616.9995117,269.9985046,98.64657593,1176.575806,55.21439743,866.0946655,63.01302855,,,2210.587402,268.8555603,,175.5509048,5118.636819,,1318.521973,426.5997315,682.6605835,53.06285095,44.72550606,881.395752,134.8076477,57.52281189,1676.001831,115.5050507,59.54336929,265.9998169,4248.477051,,619.0800171,91.77405806,,91.81825356,529.9837017,85.38578796,390.1407776,1352.438354,2147.805176,6354.291992,380.8573608,,531.9240723,80.71446228,,38.49904251,198.7208984,507.2072343,35.15558624,195.9727325,49.65073395,276.6504211,730.214939,64.26586914,255.5886517,169.755249,44.72550606,91.81825356,911.3829956,274.3075256,531.4185791,567.4742432,38.04220581,56.27164841,243.7808228,398.1101226,1229.377808,8130.756348,100.0902252,278.7896423,786.2913208,,,89.58512878,114.2026596,988.7568637,220.3911896,,65.56300354,600.3432617,57.88014603,88.38669586
2012,,105.7364074,51.44026184,71.26675455,122.185585,213.7197418,2342.568359,306.1677797,1403.524902,1368.422974,336.3205566,,727.256958,6025.344727,4966.095703,222.9855194,21.51785278,4706.618164,39.10080719,34.89026642,23.45907974,558.6479492,971.3684692,1568.287964,452.9765015,365.874939,246.7604675,,137.1217804,957.0070801,1263.918701,883.6755981,85.97568512,483.8059082,20.52720833,5459.959473,850.648139,8917.119141,,1077.82019,281.6771545,76.09120941,55.1756134,14.01603508,74.91969299,543.0700073,65.57981873,176.9837341,784.4829712,517.8594917,604.2123413,,,1899.372559,1387.406006,4762.847656,72.22033691,396.8137817,6003.830566,359.6081848,335.5619507,232.3133995,169.3844429,626.1916233,499.9581991,2280.911876,481.8218994,150.7184143,3836.017638,26.19568443,2591.016113,1013.314209,20.66479111,3294.778471,99.39391309,4572.523438,162.4147339,4651.108398,,384.1512146,237.5954742,4282.048828,326.4760742,91.01084137,,24.29986,31.41952705,35.52560806,274.3520508,1948.248169,433.5095215,,198.4665527,,195.220047,5012.475106,,185.6259155,47.45990516,1029.971191,73.7585144,961.1383667,288.3395068,231.9073878,50.66812529,64.08910606,107.2423248,43.73155662,,48.94621658,,5239.337891,525.5848389,183.9160767,3705.375244,2402.915771,3086.303223,254.507782,305.7170715,5212.183594,377.1272888,63.82013702,99.98524475,69.04489136,154.0032349,829.8215942,1566.122803,1337.652588,711.6731869,32.83571243,633.5097046,56.53076553,,454.574707,733.2537372,40.10685264,39.26328398,,113.4489822,86.39507017,221.8374495,117.1376953,414.0480492,896.9370728,6029.475098,745.5174561,,,169.9576721,3519.940674,223.6189575,19.57540894,630.1425171,414.2359499,598.3488159,471.8939209,238.725392,310.7749939,29.21658516,1898.60144,36.11348343,266.1036318,,167.7624207,,34.50271606,48.08863068,398.1218872,33.20030212,382.6615295,8106.533616,550.4981079,,22.76922607,92.61115265,131.8300629,5284.649902,8970.120117,34.3300705,886.1394043,3805.97168,4380.39696,559.0185547,574.5083501,27.04106331,703.8284302,310.9136963,112.5436096,1392.048584,74.42443085,815.1418457,64.70314559,,,1918.490723,339.382843,,182.3234113,5142.205274,,1487.32019,401.671051,757.0445557,58.85438538,44.97081417,1014.699646,102.5439377,56.23128891,1828.897583,106.2495117,59.9777298,258.4768982,3984.977539,,559.8135986,91.41969967,,91.4753786,538.6133709,86.81771088,422.1010742,1319.438354,1974.854004,6254.64502,354.0736389,,655.6914673,69.83010864,,37.41161346,232.3271483,532.1836261,35.11561584,206.4648285,57.97858429,318.8036194,734.9547304,71.61464691,266.1036318,226.4968567,44.97081417,91.4753786,934.3426514,274.3434143,524.2503052,532.0466309,42.28381729,55.96831131,275.2192688,429.1114943,1329.657959,8399.239258,117.570755,299.6088257,837.3699951,,,108.9399719,117.9651566,999.0329754,205.153244,,75.14369965,581.5652466,69.29530334,90.28307343
2013,,103.4708334,55.03462982,78.77712596,143.6068726,236.957962,2432.782715,340.0684587,1523.883789,1421.657593,396.232544,,711.2297974,5813.985352,5235.341309,239.9508057,21.93877029,4947.864746,35.76725006,43.79697418,26.67387962,547.454834,1066.132446,1609.317993,486.1761169,456.4916687,258.2254028,,162.1219788,981.152832,1233.114868,849.3306274,88.24406433,449.7056885,17.99575615,5409.788086,914.3540886,9275.798828,,1179.472656,326.0415955,72.7405014,55.45908356,16.326828,75.47943115,576.7012329,69.27052307,191.2829895,825.3932495,535.4991023,713.241333,,,1916.322632,1554.509033,5096.820801,67.53491211,375.1051025,6236.554199,359.5705566,331.9416809,263.8960585,174.4590827,603.8558833,534.0674524,2384.653783,518.4137573,150.6195984,4017.890524,29.78876877,2629.605469,1144.646851,19.88365173,3461.831915,99.99576441,4892.097168,167.8189392,4901.933105,,363.263031,275.0193481,4350.255371,334.6890564,109.9452362,,26.61382103,27.41661644,43.96840286,382.3539429,1813.878296,438.2797241,,196.1355896,,206.0122986,5048.864896,,178.2416534,51.23715273,889.944519,58.3646965,990.6311646,308.0474396,247.9897897,54.84030102,70.37412274,107.2918243,46.6282775,,56.11839676,,5331.600586,418.8852844,199.5162201,4028.831543,2678.361816,3149.242676,247.2129669,289.8249817,4336.106934,370.0940247,66.80593872,104.7845841,71.99204254,162.524765,877.5029907,1701.154419,1276.945068,740.4570599,43.81321716,600.7730103,59.07529831,,482.4346314,756.6976435,43.90325738,41.53049021,,137.6435242,89.53854366,238.3708015,116.8080139,453.9420751,958.9271851,6356.644531,807.1300049,,,180.2019806,3817.898682,231.6622925,19.53066635,645.0605469,431.6938046,637.159668,492.9692993,256.1346354,350.2098999,31.9307003,2121.082275,36.53030014,255.0808393,,177.582489,,40.73832703,54.26546097,452.455658,40.3452301,391.8995667,8280.838071,488.8635254,,24.62716293,102.5548401,138.3856812,5532.726563,9241.265625,36.02222443,838.4356079,3954.666992,4411.463581,584.1394043,620.3428321,29.97559357,790.7766724,319.2024231,122.7274628,1535.45105,81.8216095,878.088501,71.48017088,,,1959.981567,361.2968445,,188.886941,5177.737171,,1765.828369,495.2362366,807.0765381,49.14559174,51.35324914,1109.505737,127.1628647,60.18459702,2078.594482,106.3621903,82.92147827,270.8797607,3993.264404,,627.53302,93.20170639,,93.25529372,576.7609723,125.176033,451.7543335,1370.467651,2055.381348,6696.117188,315.4493713,,641.0679321,,,39.95672226,263.9102967,566.8844429,39.1137619,212.9985504,68.94046021,376.2167969,756.7680945,103.2798233,255.0808393,183.2253418,51.35324914,93.25529372,1013.182312,289.5417786,551.4012451,628.6420288,43.77843857,52.21765137,280.9766846,465.93681,1497.068848,8599.527344,130.4245758,303.3605957,697.5296631,,,119.5219269,129.7849121,1015.774517,257.5019836,,79.7281189,527.2868042,88.12820435,101.6749344
2014,,100.7518403,59.00893402,81.65537484,131.6476593,251.3582611,2529.089844,367.3475464,1588.282349,1286.217651,405.7288818,,792.8414917,5607.917969,5393.602051,267.3097229,20.53392982,4999.188477,34.44753647,39.59173203,29.74625206,605.2589111,1101.256836,1670.240356,503.9924622,450.2226257,292.4444275,,181.7120514,1017.047119,1153.884155,798.7937012,88.89917755,435.5536804,20.81191635,5189.82666,930.5623742,9578.645508,,1145.408569,359.3093262,80.42262268,60.85925674,19.37128258,74.514328,583.0588989,68.98582458,191.176239,831.3001709,545.7692493,866.0756226,,,1873.891357,1512.926147,5304.318848,73.12316895,385.1565857,6380.784668,380.0755005,359.6421204,287.3358558,174.9231011,613.0727102,498.5000398,2432.861599,549.784729,167.2470856,4105.879204,31.86192322,2679.848145,1238.927002,22.27192688,3535.998129,103.2633061,4922.675781,188.8338776,4998.668457,,348.3200989,244.4314728,4740.868652,345.2559815,80.73294067,,37.69287872,22.47270203,59.30418015,424.7312012,1705.11438,399.5325317,,213.942749,,214.1989899,5197.466006,,174.5997925,51.63870587,909.3716431,64.02371216,1006.156494,315.1779964,253.4126237,57.42299153,74.65794957,108.838562,48.31048085,,57.07431793,,5399.598633,387.3760986,190.6933289,4474.374023,2819.571777,3154.275879,249.7215576,297.8348999,4099.280273,380.6600952,71.83386993,94.01564789,73.28150177,162.9607697,804.4545898,1898.920898,1409.093628,746.0784306,45.93084335,605.2432861,65.21392822,,423.3309631,760.8559723,45.97566963,43.53808893,,137.6710053,89.58782962,244.1081956,113.7230988,475.7328605,1021.232971,6547.034668,856.7665405,,,170.7411346,3947.423584,230.7698212,22.99704552,672.1196289,453.6877851,614.9742432,476.2593079,262.5301135,343.8786621,37.96685791,2456.434814,52.62075806,253.9028729,,174.2423554,,42.45389938,58.04791641,559.4445801,36.05779648,427.6607056,8639.636285,459.9441834,,25.02994919,107.9087524,154.2833862,5601.885742,9118.317383,43.16950226,1007.96936,4143.788086,4527.756699,710.041626,660.7776385,34.69661713,885.6642456,335.77771,116.8602371,1678.012085,95.54537964,911.2981567,72.90810746,,,1989.542114,405.6223145,,198.0847141,5331.737279,,2041.589478,503.3475342,737.649231,51.86009598,53.05863414,1278.976563,116.9351425,61.3162117,2206.107422,114.3596573,140.9924316,275.6874085,3835.263428,,608.8585815,92.7964324,,92.85274815,609.7540485,120.006073,458.5661011,1289.348389,2062.384766,6605.987305,293.0811462,,675.3034058,,,43.72490692,287.3518304,537.4657997,40.70421219,219.2957306,74.59780884,437.7458191,758.1245216,93.70611572,253.9028729,226.1274567,53.05863414,92.85274815,1054.445801,293.097168,525.8447266,567.9641113,40.15260315,52.90937424,212.7696991,481.9320296,1476.200806,9023.611328,117.6513062,291.0646973,698.8744507,,,117.4146042,106.726944,1039.914961,259.2744141,,81.05194855,509.7901001,67.49678802,116.7105331
2015,,96.01765539,58.90652847,73.28270664,108.5829392,192.8851318,2246.254395,350.1253854,1385.53772,1531.484253,364.9728088,,754.2418823,4860.37207,4612.824219,226.510025,19.4568367,4290,31.30697823,33.51475906,32.84908676,521.4190674,1128.759155,1635.882935,441.4607544,362.7528381,284.114502,,198.8755798,781.8099976,1119.548218,743.920044,98.56243896,389.3807373,18.99312592,4615.64209,812.0443771,9382.791016,,1127.021606,390.1040955,63.07769775,49.74619293,19.87244987,60.12829971,464.6349793,60.21103287,146.607605,883.9154663,569.9642476,986.7340088,,,1616.549438,1284.046753,4622.206543,82.28987885,393.936554,5469.334961,400.3849487,291.5535584,306.3158475,172.321861,599.6422882,378.7467428,2103.168626,525.9973145,183.4326172,3521.926001,26.75016403,2349.233887,1112.914063,23.91623878,3036.966219,97.66556143,4127.149902,179.2215424,4208.38623,,361.4720764,196.1650543,4472.521484,275.8408203,81.61917114,,44.68756485,20.98540878,51.83914566,328.8190918,1452.074463,422.7217712,,229.8061981,,223.6776733,5032.575235,,172.2920532,51.29956791,795.520813,67.40187836,870.5192261,299.4396804,240.6248,56.52103615,70.63804008,99.65550232,49.05715174,,58.91690063,,4561.737793,379.2756348,156.8372345,4281.575684,2670.466797,2675.671631,276.0567322,310.6847229,3733.376465,319.0499268,69.77667999,80.11972809,72.03400421,123.3463974,884.8460693,1918.689697,1199.363525,659.0165252,52.37848282,587.4569092,73.39692688,,426.8598938,678.805605,46.61947216,44.86931559,,149.9631805,87.38379884,232.4699131,103.6326523,446.1876526,920.1997681,5421.932129,775.8643189,,,148.0387421,3365.927246,186.4364319,22.90582275,785.0316162,429.2679707,556.8665772,546.9879761,250.0056748,306.9151001,30.8840313,2243.467041,61.70107269,240.9120858,,166.0827789,,39.61871719,55.98908615,529.161377,35.68380356,379.9004822,9002.742799,488.6906128,,25.87792969,97.80262756,163.2299347,4676.57666,7565.549805,47.8875351,1143.246582,3582.272949,4372.161429,695.1911621,624.8799501,35.98087311,928.0967407,315.9545593,123.9001007,1805.98584,48.73184967,803.9596558,67.44858126,,,1725.2229,364.7891541,,188.4049019,5175.699912,,1999.582764,442.240387,498.0559692,49.96376419,55.10007501,1237.333496,158.8953095,53.41298294,2302.599609,99.42734528,120.9123993,282.7453308,3102.817383,,491.25177,86.55869999,,86.6143978,587.3127776,85.22420502,532.4972534,1108.878174,1775.86084,5595.033203,259.5190735,,665.4511108,,,35.09303284,306.3333211,418.5436443,35.66401672,214.2065735,64.16710663,405.1260986,672.2555499,102.2269592,240.9120858,187.3837738,55.10007501,86.6143978,1107.185547,270.469696,453.1164856,531.2664795,33.58756638,43.72704315,157.5774841,457.8345425,1406.522339,9491.09082,131.8330231,282.7134399,663.767334,,,117.8628922,116.4973297,999.1036362,223.1809692,,73.17674255,469.9882507,59.33764267,107.6870041
2016,,91.23398291,60.18867111,63.4458369,95.12497711,202.0133209,2361.217529,348.0648272,1298.12793,1153.534058,357.4577637,,778.4511108,4971.614746,4709.875977,156.9957275,22.41840553,4328.846191,30.22834778,40.95483017,34.58186722,562.3408203,1098.883545,1774.021729,460.8853455,298.6265869,296.2240295,,210.2380981,801.4113159,1129.193359,692.0357056,98.90504456,402.8016357,21.8805294,4610.92627,844.810437,9439.424805,,1171.623047,395.3599548,67.21105194,50.8497467,20.58203506,54.10359192,442.1382446,60.74297714,151.6964111,878.888916,567.9113632,984.8484497,,,1681.903687,1321.620239,4742.03418,76.86833954,415.8875122,5565.593262,424.3001709,260.7725525,311.5202833,165.779955,632.8509193,366.3037224,2097.93243,502.7444763,153.4869537,3592.657311,22.77753258,2376.721191,1186.102783,25.07559586,3102.550532,86.44194099,4107.062988,185.3479157,4268.174316,,395.7920837,216.9078522,4066.093506,301.5457764,66.85653687,,39.55763626,21.80244827,50.6244812,290.6811523,1488.198608,427.5127258,,241.7825317,,233.5249481,5197.994981,,180.1677551,51.02519126,840.9050293,59.13440323,914.1935425,295.5890257,237.376701,54.36131283,65.67516186,109.9377976,48.21237076,,60.60255051,,4717.568359,458.2581787,154.1859741,5067.690918,2813.335938,2699.73291,276.4597473,298.8072205,4174.422363,263.4837341,72.51428223,71.92367554,77.65436554,147.7773132,1006.637146,2034.436768,1114.579956,621.7132512,54.50793457,609.0610352,69.9858551,,471.2796021,638.7844555,45.50203768,43.1507543,,151.4750214,89.11932751,229.7490394,89.38617706,449.3157057,988.5279541,5475.139648,874.7977295,,,154.1124115,2765.084473,171.1847687,24.48439217,946.8111572,452.4631192,490.7993774,605.2815552,246.5904842,327.4913635,29.44280052,2321.15332,57.93581772,262.168312,,161.9085999,,30.72076035,47.35323715,553.2136231,30.94216537,362.1148682,9348.370515,423.8744507,,22.55697441,79.37476349,169.6340332,4734.833496,7496.768555,48.31941986,1369.539673,3746.476807,4507.544058,637.1912842,620.739875,38.91104126,1050.243652,318.4595032,129.6149292,2031.472778,58.48953247,813.4727783,62.86422492,,,1880.15686,357.7476196,,194.3734889,5356.741008,,1822.369995,476.2450562,464.8977661,51.88179779,56.93219579,1160.049927,165.8524628,54.07107544,2476.174561,99.27577209,87.10140228,293.2580261,2958.554932,,486.4294434,79.67560127,,79.74135455,584.4156921,109.9806061,351.9419251,1175.597046,1835.407349,5674.477539,233.6351471,,772.4489136,,,34.352211,311.5407767,408.221069,39.26917267,224.9945221,56.20223236,423.0598755,631.4509399,93.38000488,262.168312,215.3939514,56.93219579,79.74135455,1106.508545,258.7551575,466.7947998,547.8984375,37.18800735,42.19992828,157.5377045,449.2740006,1450.144897,9877.871094,129.1727753,294.1644287,505.4061279,,,124.0594101,82.24130249,1020.867542,227.0677948,,,426.8319702,57.36268997,113.4088593
2017,,100.0454916,65.70602417,61.30628679,114.3346024,226.2806702,2567.423828,391.3823333,1650.018555,1529.616211,405.6506958,,795.5598145,5308.783203,4937.977051,155.0982666,23.58145905,4618.208984,30.05702591,44.40372086,37.43084717,618.7059326,1126.066895,2174.176758,481.8325806,333.5410767,282.5827942,,217.4946899,935.2991943,1151.693726,648.6688232,104.8551025,484.2239075,29.9801693,4845.589844,932.9793868,9606.349609,,1360.173584,437.2567444,69.34188843,49.64924622,19.41761589,51.26589584,489.6445923,61.72988892,176.4893799,861.3200684,610.2019651,1000.289551,,,1780.3479,1475.915161,5052.67334,72.2347641,398.7094116,5800.152832,443.6706848,258.0395508,341.7883468,180.9008394,665.3623672,410.0795422,2194.439421,513.0761719,113.9753799,3779.218022,21.17291069,2522.644287,1350.380615,24.92481232,3273.174704,89.66319471,4233.468262,194.4359131,4424.507813,,401.2002564,200.5618897,3978.617188,285.9877014,67.45523071,,36.50824356,22.71026421,50.57252884,293.1333923,1505.941406,466.7496033,,259.9125061,,263.2581482,5391.697111,,171.5148926,53.27602927,902.6252441,62.72842407,981.0388794,328.7845792,261.6187789,54.82349857,63.11702221,110.0498047,50.36688803,,69.32007599,,5019.701172,478.3614807,214.3563385,6109.912109,3212.791504,2809.721436,311.8700562,337.7554016,4121.036621,281.6177673,75.85467529,76.98123169,82.05518341,175.0655212,1030.478882,2258.668213,1560.541748,709.6248027,61.20571136,661.4279785,56.9612236,,473.3192444,727.230487,48.33338675,45.58092945,,158.7149353,93.19972058,253.0357104,111.6414261,505.8905561,1083.303345,5713.118652,932.5015869,,,161.4505158,2751.731445,191.19487,24.68006706,885.0842896,501.5412464,512.0656738,587.5531616,272.4922911,358.3068848,34.00102997,2551.716064,57.859272,264.5826938,,146.9620819,,35.9498558,51.61418533,599.4442139,33.99734879,380.68573,9667.612284,468.0405579,,28.80011749,73.93003845,180.3273468,4910.899414,7815.786621,50.8261261,1217.511108,3940.390381,4659.974745,601.2178345,648.1800592,42.25715637,1046.336792,340.1985474,132.5789642,1947.853271,60.09675598,909.578186,66.41499596,,,2003.263306,378.018219,,198.4421912,5544.929987,,1667.372559,555.1130981,579.6721802,52.86735153,64.29320813,1456.939575,192.6066589,55.10048676,2619.080811,97.43276978,82.54949188,282.0367432,3287.473877,,515.8458862,84.12871062,26.38130379,84.19291539,613.3857758,117.0106812,335.10849,1189.072266,1925.03479,5838.215332,273.1782227,,777.8544922,,,29.49969864,341.8068835,456.275905,37.47055817,252.078064,58.16766357,456.7355347,721.1363644,86.74797058,264.5826938,232.7596436,64.29320813,84.19291539,1128.593628,252.7248688,442.6176148,633.361084,35.4696846,41.95800781,187.3952179,504.8806166,1648.874634,10209.63086,93.00417328,310.6420288,524.9134522,,,140.165329,85.10228729,1064.92368,235.407074,,,497.0470581,67.50799561,112.7419357
2018,,94.24283821,49.84260941,67.38381788,87.61676788,274.914093,2821.80127,392.5674775,1817.347656,1127.907227,422.2826843,,875.1725464,5425.340332,5326.437012,165.7674408,24.02547073,4912.700684,30.9390583,40.24945068,41.90905762,689.9053955,994.1790161,2013.379272,539.5466309,356.2507324,285.9858398,,223.5978851,848.388855,1164.544556,763.1528931,102.7385178,482.9630737,53.66416168,4994.902344,1054.649348,9870.664063,,1455.60791,501.0593872,71.88140869,54.13952637,18.51088905,47.5177536,513.1586914,65.22776031,194.8568726,909.6730957,621.2434251,986.9373169,,,1954.40686,1765.588379,5472.202148,70.86093903,490.8182983,6216.768555,461.542511,255.8694305,387.1970786,176.2326257,721.88028,424.5254644,2346.919012,516.2479858,125.545372,4063.498114,23.78602791,2736.323242,1552.96875,24.22611809,3525.057042,76.58322696,4515.677246,214.5537872,4690.072266,,415.816803,218.3686066,4315.427734,312.7469177,77.91143036,,38.31764221,22.15542793,53.29457474,314.2987671,1566.899902,474.5328064,,259.6201782,,295.5578919,5665.223423,,176.2472687,46.52744387,1014.222351,64.24588013,1081.802856,343.8935511,272.0973292,54.11569048,68.41783893,111.6779099,46.43243364,,72.83453369,,5489.070801,484.2865906,239.4130554,6530.932129,3323.650635,2988.99585,320.9763184,330.1418762,4266.586914,275.8546143,88.38527679,85.73608398,90.55628204,196.8479767,992.5917969,2542.818115,1711.223389,654.1605337,57.11195755,686.4677734,45.42477798,,464.709137,666.9229178,42.821909,34.60294656,,157.4658508,97.67428561,264.2034191,124.7896729,548.5385076,1249.254639,6227.083984,1101.492554,,,174.7818451,2968.500488,212.9703827,22.0497551,973.5369263,520.8899277,519.6054688,643.065918,286.1108144,399.0970764,34.95166016,2753.510986,59.20605469,273.5545509,731.4816895,155.0936737,,40.26391602,54.48972321,653.347229,35.49821854,427.217041,10050.51629,471.4856873,,30.35857964,83.75351715,173.7661133,5306.534668,8239.095703,57.84656143,965.8007202,4037.462891,4885.487448,678.2310181,681.014553,42.87313461,1131.660156,369.0784607,136.5388184,1723.455322,63.7678833,978.7356567,63.31949266,,,2215.173584,400.3927307,,206.8103026,5832.623234,,1716.265137,687.2543945,609.0091553,58.30852127,67.15566931,1484.593384,60.17465973,58.90360641,2823.638184,94.96378326,85.77548218,288.5174561,3463.700684,,617.0865479,83.18079402,26.78586388,83.24903523,641.4780706,125.4003983,474.1265564,1299.911377,2169.579102,5981.706055,271.1400757,,833.0789795,,,29.23851013,387.211724,475.8306567,41.83677292,275.9165039,59.84311676,460.1751404,660.0552019,93.69417572,273.5545509,236.9345398,67.15566931,83.24903523,1123.423706,251.5467224,389.8655701,692.5211182,36.82281494,43.13787842,228.3900757,532.1539772,1590.048218,10623.84961,82.26926422,329.2566528,256.9468994,,,151.6861115,105.3915863,1111.082167,227.3279266,,,525.9569092,75.99179077,140.3203125
2019,,,,,,,,,,,,,,,,,,,,,,,,,,,,,,,,,,,,,,,,,,,,,,,,,,,,,,,,,,,,,,,,,,,,,,,,,,,,,,,,,,,,,,,,,,,,,,,,,,,,,,,,,,,,,,,,,,,,,,,,,,,,,,,,,,,,,,,,,,,,,,,,,,,,,,,,,,,,,,,,,,,,,,,,,,,,,,,,,,,,,,,,,,,,,,,,,,,,,,,,,,,,,,,,,,,,,,,,,,,,,,,,,,,,,,,,,,,,,,,,,,,,,,,,,,,,,,,,,,,,,,,,,,
2020,,,,,,,,,,,,,,,,,,,,,,,,,,,,,,,,,,,,,,,,,,,,,,,,,,,,,,,,,,,,,,,,,,,,,,,,,,,,,,,,,,,,,,,,,,,,,,,,,,,,,,,,,,,,,,,,,,,,,,,,,,,,,,,,,,,,,,,,,,,,,,,,,,,,,,,,,,,,,,,,,,,,,,,,,,,,,,,,,,,,,,,,,,,,,,,,,,,,,,,,,,,,,,,,,,,,,,,,,,,,,,,,,,,,,,,,,,,,,,,,,,,,,,,,,,,,,,,,,,,,,,,,,,
